,device,time_start,time_stop,date,status,type
0,69823,,,2020-06-12 10:05:04.005390,Processing,build_model
1,69823,,,2020-06-12 11:02:05.913881,Processing,build_model
2,69823,,,2020-06-12 11:04:58.250327,Processing,build_model
3,69823,,,2020-06-12 12:15:38.657312,Processing,build_model
4,69823,,,2020-06-12 12:16:50.560649,Processing,build_model
5,69823,,,2020-06-12 13:01:08.510042,Processing,build_model
6,69823,,,2020-06-15 07:21:12.493367,Processing,build_model
7,69823,,,2020-06-15 10:51:00.942777,Processing,build_model
8,69823,,,2020-06-15 10:58:15.331677,Processing,build_model
9,69823,2020-06-14T07:26:43.990Z,2020-06-14T13:00:03.990Z,2020-06-15 11:00:16.104210,Processing,analysis
10,69823,,,2020-06-15 11:41:50.664902,Processing,build_model
11,69823,2020-06-14T08:14:00.270Z,2020-06-14T13:47:20.270Z,2020-06-15 11:47:32.353848,Processing,analysis
12,69823,,,2020-06-15 13:04:43.025617,Processing,build_model
13,69823,,,2020-06-15 14:29:29.772281,Processing,build_model
14,69823,,,2020-06-16 06:04:09.027929,Processing,build_model
15,69823,,,2020-06-16 07:44:43.468845,Processing,build_model
16,69823,,,2020-06-16 08:40:59.597158,Processing,build_model
17,69823,,,2020-06-16 08:43:00.425034,Processing,build_model
18,69823,,,2020-06-16 08:45:16.117616,Processing,build_model
19,69823,,,2020-06-17 08:06:19.973291,Processing,build_model
20,69823,,,2020-06-17 08:45:48.560938,Processing,build_model
21,69823,,,2020-06-18 13:06:13.937990,Processing,build_model
22,69823,,,2020-06-22 08:07:12.841442,Processing,build_model
23,69823,,,2020-06-22 08:30:49.927067,Processing,build_model
24,69823,,,2020-06-22 12:49:40.165559,Processing,build_model
25,69823,2020-06-28T04:36:37.345Z,2020-06-28T10:09:57.345Z,2020-06-29 08:10:12.989309,Processing,analysis
26,69823,2020-06-28T05:28:26.373Z,2020-06-28T11:01:46.373Z,2020-06-29 09:02:01.859868,Processing,analysis
27,69823,,,2020-06-29 10:31:37.724990,Processing,build_model
28,69823,,,2020-06-29 10:32:27.757990,Processing,build_model
29,69823,,,2020-06-29 10:34:38.011207,Processing,build_model
30,69823,2020-06-28T07:18:14.282Z,2020-06-28T12:51:34.282Z,2020-06-29 10:51:49.764108,Processing,analysis
31,69823,,,2020-06-29 10:54:30.266899,Processing,build_model
32,69823,,,2020-07-01 05:41:03.412483,Processing,build_model
33,69823,,,2020-07-01 05:41:43.628773,Processing,build_model
34,69823,,,2020-07-01 07:36:15.195171,Processing,build_model
35,69823,,,2020-07-01 10:09:30.934899,Processing,build_model
36,69823,,,2020-07-02 05:41:33.871970,Processing,build_model
37,69823,,,2020-07-02 07:37:23.007870,Completed,build_model
38,69823,2020-07-01T05:58:11.956Z,2020-07-01T11:31:31.956Z,2020-07-02 09:31:47.622993,Processing,analysis
39,69823,2020-07-01T06:40:55.897Z,2020-07-01T12:14:15.897Z,2020-07-02 10:14:31.601265,Processing,analysis
40,69823,2020-07-02T07:07:24.755Z,2020-07-02T12:40:44.755Z,2020-07-03 10:41:00.575154,Processing,analysis
41,69823,2020-07-02T07:11:19.435Z,2020-07-02T12:44:39.435Z,2020-07-03 10:44:55.237949,Processing,analysis
42,69823,2020-04-25T08:45:00.000Z,2020-04-25T09:00:00.000Z,2020-07-03 10:51:48.249093,Processing,analysis
43,69823,,,2020-07-07 06:25:16.401224,Completed,build_model
44,69823,2020-07-06T13:45:00.000Z,2020-07-06T20:00:00.000Z,2020-07-07 11:10:38.324233,Processing,analysis
45,69823,2020-07-07T00:45:00.000Z,2020-07-07T03:00:00.000Z,2020-07-07 12:47:00.249068,Processing,analysis
46,69823,2020-07-07T00:45:00.000Z,2020-07-07T02:00:00.000Z,2020-07-07 13:42:49.117781,Processing,analysis
47,69823,2020-07-07T00:45:00.000Z,2020-07-07T02:00:00.000Z,2020-07-07 15:34:15.646063,Processing,analysis
48,69823,2020-07-07T00:45:00.000Z,2020-07-07T02:00:00.000Z,2020-07-08 06:09:09.145059,Processing,analysis
49,69823,2020-07-07T00:45:00.000Z,2020-07-07T02:00:00.000Z,2020-07-08 07:41:21.595277,Processing,analysis
50,69823,2020-07-07T00:45:00.000Z,2020-07-07T02:00:00.000Z,2020-07-08 08:43:14.950499,Processing,analysis
51,69823,2020-07-07T00:45:00.000Z,2020-07-07T02:00:00.000Z,2020-07-08 11:58:58.080119,Processing,analysis
52,69823,2020-07-07T00:45:00.000Z,2020-07-07T02:00:00.000Z,2020-07-08 13:59:03.294953,Processing,analysis
53,69823,2020-07-07T00:45:00.000Z,2020-07-07T01:10:00.000Z,2020-07-09 06:59:35.482694,Processing,analysis
54,69823,2020-07-07T00:45:00.000Z,2020-07-07T01:10:00.000Z,2020-07-09 08:32:25.093056,Completed,analysis
55,69823,2020-07-08T11:16:22.303Z,2020-07-08T11:33:02.303Z,2020-07-09 09:33:18.449257,Processing,analysis
56,69823,2020-07-08T03:14:22.757Z,2020-07-08T11:34:22.757Z,2020-07-09 09:34:38.901137,Processing,analysis
57,69823,2020-07-06T14:00Z,2020-07-06T14:30Z,2020-07-09 14:36:29.976103,Completed,analysis
58,69823,2020-07-06T14:00Z,2020-07-06T14:30Z,2020-07-09 15:06:30.231775,Completed,analysis
59,69823,2020-07-06T14:00Z,2020-07-06T14:30Z,2020-07-09 15:36:30.485937,Completed,analysis
60,69823,2020-07-06T14:00Z,2020-07-06T14:30Z,2020-07-09 16:06:30.778226,Completed,analysis
61,69823,2020-07-06T14:00Z,2020-07-06T14:30Z,2020-07-09 16:36:31.035368,Completed,analysis
62,69823,2020-07-06T14:00Z,2020-07-06T14:30Z,2020-07-09 17:06:31.277471,Completed,analysis
63,69823,2020-07-06T14:00Z,2020-07-06T14:30Z,2020-07-09 17:36:31.921573,Completed,analysis
64,69823,2020-07-06T14:00Z,2020-07-06T14:30Z,2020-07-09 18:06:32.295989,Completed,analysis
65,69823,2020-07-06T14:00Z,2020-07-06T14:30Z,2020-07-09 18:36:32.548026,Completed,analysis
66,69823,2020-07-06T14:00Z,2020-07-06T14:30Z,2020-07-09 19:06:32.764848,Completed,analysis
67,69823,2020-07-06T14:00Z,2020-07-06T14:30Z,2020-07-09 19:36:33.011249,Completed,analysis
68,69823,2020-07-06T14:00Z,2020-07-06T14:30Z,2020-07-09 20:06:33.248573,Completed,analysis
69,69823,2020-07-06T14:00Z,2020-07-06T14:30Z,2020-07-09 20:36:33.486009,Completed,analysis
70,69823,2020-07-06T14:00Z,2020-07-06T14:30Z,2020-07-09 21:06:33.732780,Completed,analysis
71,69823,2020-07-06T14:00Z,2020-07-06T14:30Z,2020-07-09 21:36:33.969380,Completed,analysis
72,69823,2020-07-06T14:00Z,2020-07-06T14:30Z,2020-07-09 22:06:34.213879,Completed,analysis
73,69823,2020-07-06T14:00Z,2020-07-06T14:30Z,2020-07-09 22:36:34.467744,Completed,analysis
74,69823,2020-07-06T14:00Z,2020-07-06T14:30Z,2020-07-09 23:06:35.031274,Completed,analysis
75,69823,2020-07-06T14:00Z,2020-07-06T14:30Z,2020-07-09 23:36:35.259361,Completed,analysis
76,69823,2020-07-06T14:00Z,2020-07-06T14:30Z,2020-07-10 00:06:35.607448,Completed,analysis
77,69823,2020-07-06T14:00Z,2020-07-06T14:30Z,2020-07-10 00:36:35.838052,Completed,analysis
78,69823,2020-07-06T14:00Z,2020-07-06T14:30Z,2020-07-10 01:06:36.093803,Completed,analysis
79,69823,2020-07-06T14:00Z,2020-07-06T14:30Z,2020-07-10 01:36:36.332565,Completed,analysis
80,69823,2020-07-06T14:00Z,2020-07-06T14:30Z,2020-07-10 02:06:36.612418,Completed,analysis
81,69823,2020-07-06T14:00Z,2020-07-06T14:30Z,2020-07-10 02:36:36.841810,Completed,analysis
82,69823,2020-07-06T14:00Z,2020-07-06T14:30Z,2020-07-10 03:06:37.080598,Completed,analysis
83,69823,2020-07-06T14:00Z,2020-07-06T14:30Z,2020-07-10 03:36:37.318878,Completed,analysis
84,69823,2020-07-06T14:00Z,2020-07-06T14:30Z,2020-07-10 04:06:37.554916,Completed,analysis
85,69823,2020-07-06T14:00Z,2020-07-06T14:30Z,2020-07-10 04:36:38.236523,Completed,analysis
86,69823,2020-07-06T14:00Z,2020-07-06T14:30Z,2020-07-10 05:06:38.478632,Completed,analysis
87,69823,2020-07-06T14:00Z,2020-07-06T14:30Z,2020-07-10 05:36:38.729695,Completed,analysis
88,69823,2020-07-06T14:00Z,2020-07-06T14:30Z,2020-07-10 05:51:07.818627,Completed,analysis
89,69823,2020-07-06T14:00:00.001Z,2020-07-06T14:30:00.001Z,2020-07-10 06:17:06.647358,Completed,analysis
90,69823,2020-07-06T14:00:00.001Z,2020-07-06T14:30:00.001Z,2020-07-10 06:47:07.397487,Completed,analysis
91,69823,2020-07-06T14:00:00.001Z,2020-07-06T14:30:00.001Z,2020-07-10 07:17:07.873620,Completed,analysis
92,69823,2020-07-06T14:00:00.001Z,2020-07-06T14:30:00.001Z,2020-07-10 07:47:08.198783,Completed,analysis
93,69823,2020-07-06T14:00:00.001Z,2020-07-06T14:30:00.001Z,2020-07-10 08:17:08.443985,Completed,analysis
94,69823,2020-07-06T14:00:00.001Z,2020-07-06T14:30:00.001Z,2020-07-10 08:47:08.687112,Completed,analysis
95,69823,2020-07-06T14:00:00.001Z,2020-07-06T14:30:00.001Z,2020-07-10 09:17:08.915118,Completed,analysis
96,69823,2020-07-06T14:00:00.001Z,2020-07-06T14:30:00.001Z,2020-07-10 09:47:09.561091,Completed,analysis
97,69823,2020-07-06T14:00:00.001Z,2020-07-06T14:30:00.001Z,2020-07-10 10:17:09.786734,Completed,analysis
98,69823,2020-07-12T07:39:34.363Z,2020-07-12T08:09:34.363Z,2020-07-13 06:09:50.780653,Completed,analysis
99,69823,2020-07-12T08:09:34.573Z,2020-07-12T08:39:34.573Z,2020-07-13 06:39:51.076328,Completed,analysis
100,69823,2020-07-12T08:39:34.926Z,2020-07-12T09:09:34.926Z,2020-07-13 07:09:51.415970,Completed,analysis
101,69823,2020-07-12T09:09:35.327Z,2020-07-12T09:39:35.327Z,2020-07-13 07:39:51.672923,Completed,analysis
102,69823,2020-07-12T09:39:35.466Z,2020-07-12T10:09:35.466Z,2020-07-13 08:09:51.915662,Completed,analysis
103,69823,2020-07-12T10:09:35.755Z,2020-07-12T10:39:35.755Z,2020-07-13 08:39:52.191097,Completed,analysis
104,69823,2020-07-12T10:39:36.065Z,2020-07-12T11:09:36.065Z,2020-07-13 09:09:52.668165,Completed,analysis
105,69823,2020-07-12T11:09:36.516Z,2020-07-12T11:39:36.516Z,2020-07-13 09:39:52.987959,Completed,analysis
106,69823,2020-07-12T11:39:36.818Z,2020-07-12T12:09:36.818Z,2020-07-13 10:09:53.278452,Completed,analysis
107,69823,2020-07-12T12:09:37.163Z,2020-07-12T12:39:37.163Z,2020-07-13 10:39:53.563258,Completed,analysis
108,69823,2020-07-12T12:39:37.572Z,2020-07-12T13:09:37.572Z,2020-07-13 11:09:54.009141,Completed,analysis
109,69823,2020-07-12T13:09:38.130Z,2020-07-12T13:39:38.130Z,2020-07-13 11:39:54.555081,Completed,analysis
110,69823,2020-07-12T13:39:38.526Z,2020-07-12T14:09:38.526Z,2020-07-13 12:09:55.040767,Completed,analysis
111,69823,2020-07-12T14:09:38.860Z,2020-07-12T14:39:38.860Z,2020-07-13 12:39:55.302276,Completed,analysis
112,69823,2020-07-12T14:39:39.115Z,2020-07-12T15:09:39.115Z,2020-07-13 13:09:55.550637,Completed,analysis
113,69823,2020-07-12T15:09:39.429Z,2020-07-12T15:39:39.429Z,2020-07-13 13:39:55.793973,Completed,analysis
114,69823,2020-07-12T15:39:39.685Z,2020-07-12T16:09:39.685Z,2020-07-13 14:09:56.041392,Completed,analysis
115,69823,2020-07-12T16:09:39.981Z,2020-07-12T16:39:39.981Z,2020-07-13 14:39:56.275450,Completed,analysis
116,69823,2020-07-13T07:10:40.440Z,2020-07-13T07:40:40.440Z,2020-07-14 05:40:57.580849,Completed,analysis
117,69823,2020-07-14T07:24:09.243Z,2020-07-14T07:54:09.243Z,2020-07-14 05:54:25.941071,Processing,analysis
118,69823,2020-07-14T07:54:09.708Z,2020-07-14T08:24:09.708Z,2020-07-14 06:24:26.375320,Processing,analysis
119,69823,2020-07-14T08:24:10.105Z,2020-07-14T08:54:10.105Z,2020-07-14 06:54:26.712979,Processing,analysis
120,69823,2020-07-14T08:54:10.403Z,2020-07-14T09:24:10.403Z,2020-07-14 07:24:26.976783,Processing,analysis
121,69823,2020-07-14T09:05:04.130Z,2020-07-14T09:35:04.130Z,2020-07-14 07:35:20.699916,Processing,analysis
122,69823,2020-07-14T09:50:42.884Z,2020-07-14T10:20:42.884Z,2020-07-14 08:20:59.490541,Processing,analysis
123,69823,2020-07-14T10:41:53.958Z,2020-07-14T11:11:53.958Z,2020-07-14 09:12:10.542803,Error uploading data,analysis
124,69823,2020-07-14T07:30:00.001Z,2020-07-14T08:00:00.001Z,2020-07-14 09:39:55.399322,Completed,analysis
125,69823,2020-07-14T07:30:00.001Z,2020-07-14T08:00:00.001Z,2020-07-14 09:43:02.736043,Completed,analysis
126,69823,2020-07-13T07:30:00.001Z,2020-07-13T08:00:00.001Z,2020-07-14 09:47:04.103228,Completed,analysis
127,69823,2020-07-14T07:30:00.001Z,2020-07-14T08:00:00.001Z,2020-07-14 09:49:49.439363,Completed,analysis
128,69823,2020-07-14T08:00:00.001Z,2020-07-14T08:30:00.001Z,2020-07-14 10:19:49.787599,Completed,analysis
129,69823,2020-07-14T08:30:00.001Z,2020-07-14T09:00:00.001Z,2020-07-14 10:49:51.204698,Completed,analysis
130,69823,2020-07-14T09:00:00.001Z,2020-07-14T09:30:00.001Z,2020-07-14 11:19:51.518488,Completed,analysis
131,69823,2020-07-14T09:30:00.001Z,2020-07-14T10:00:00.001Z,2020-07-14 11:49:51.880328,Completed,analysis
132,69823,2020-07-14T10:00:00.001Z,2020-07-14T10:30:00.001Z,2020-07-14 12:19:52.144139,Completed,analysis
133,69823,2020-07-14T10:30:00.001Z,2020-07-14T11:00:00.001Z,2020-07-14 12:49:52.425498,Completed,analysis
134,69823,2020-07-14T11:00:00.001Z,2020-07-14T11:30:00.001Z,2020-07-14 13:19:53.004084,Completed,analysis
135,69823,2020-07-14T11:30:00.001Z,2020-07-14T12:00:00.001Z,2020-07-14 13:49:53.274253,Completed,analysis
136,69823,2020-07-14T12:00:00.001Z,2020-07-14T12:30:00.001Z,2020-07-14 14:19:53.690493,Completed,analysis
137,69823,2020-07-14T12:30:00.001Z,2020-07-14T13:00:00.001Z,2020-07-14 14:49:54.202015,Completed,analysis
138,69823,2020-07-14T13:00:00.001Z,2020-07-14T13:30:00.001Z,2020-07-14 15:20:26.754204,Completed,analysis
139,69823,2020-07-14T13:30:00.001Z,2020-07-14T14:00:00.001Z,2020-07-15 05:55:40.248643,Completed,analysis
140,69823,2020-07-15T05:30:00.001Z,2020-07-15T06:00:00.001Z,2020-07-15 06:02:57.081375,Completed,analysis
141,69823,2020-07-15T06:00:00.001Z,2020-07-15T06:30:00.001Z,2020-07-15 06:32:57.409518,Completed,analysis
142,69823,2020-07-15T06:30:00.001Z,2020-07-15T07:00:00.001Z,2020-07-15 07:02:57.681078,Completed,analysis
143,69823,2020-07-15T07:00:00.001Z,2020-07-15T07:30:00.001Z,2020-07-15 07:32:57.947010,Completed,analysis
144,69823,2020-07-15T07:30:00.001Z,2020-07-15T08:00:00.001Z,2020-07-15 08:02:58.185130,Completed,analysis
145,69823,2020-07-15T08:00:00.001Z,2020-07-15T08:30:00.001Z,2020-07-15 08:32:58.490880,Completed,analysis
146,69823,2020-07-15T08:30:00.001Z,2020-07-15T09:00:00.001Z,2020-07-15 09:02:58.729145,Completed,analysis
147,69823,2020-07-15T09:00:00.001Z,2020-07-15T09:30:00.001Z,2020-07-15 09:32:58.955101,Completed,analysis
148,69823,2020-07-15T09:30:00.001Z,2020-07-15T10:00:00.001Z,2020-07-15 10:02:59.248296,Completed,analysis
149,69823,2020-07-15T10:00:00.001Z,2020-07-15T10:30:00.001Z,2020-07-15 10:32:59.485791,Completed,analysis
150,69823,2020-07-15T10:30:00.001Z,2020-07-15T11:00:00.001Z,2020-07-15 11:03:00.122770,Completed,analysis
151,69823,2020-07-15T11:00:00.001Z,2020-07-15T11:30:00.001Z,2020-07-15 11:33:00.453473,Completed,analysis
152,69823,2020-07-15T11:30:00.001Z,2020-07-15T12:00:00.001Z,2020-07-15 12:03:00.790966,Completed,analysis
153,69823,2020-07-15T12:00:00.001Z,2020-07-15T12:30:00.001Z,2020-07-15 12:33:01.043260,Completed,analysis
154,69823,2020-07-15T12:30:00.001Z,2020-07-15T13:00:00.001Z,2020-07-15 13:03:01.460089,Completed,analysis
155,69823,2020-07-15T13:00:00.001Z,2020-07-15T13:30:00.001Z,2020-07-15 13:33:01.743227,Completed,analysis
156,69823,2020-07-15T13:30:00.001Z,2020-07-15T14:00:00.001Z,2020-07-15 14:03:02.241250,Completed,analysis
157,69823,2020-07-15T14:00:00.001Z,2020-07-15T14:30:00.001Z,2020-07-15 14:33:02.558358,Completed,analysis
158,69823,2020-07-15T14:30:00.001Z,2020-07-15T15:00:00.001Z,2020-07-15 15:03:02.868671,Completed,analysis
159,69823,2020-07-16T05:30:00.001Z,2020-07-16T06:00:00.001Z,2020-07-16 10:05:51.794027,Completed,analysis
160,69823,2020-07-16T06:00:00.001Z,2020-07-16T06:30:00.001Z,2020-07-16 10:35:52.051977,Completed,analysis
161,69823,2020-07-16T06:30:00.001Z,2020-07-16T07:00:00.001Z,2020-07-16 11:05:52.309212,Completed,analysis
162,69823,2020-07-16T07:00:00.001Z,2020-07-16T07:30:00.001Z,2020-07-16 11:35:52.564817,Completed,analysis
163,69823,2020-07-16T07:30:00.001Z,2020-07-16T08:00:00.001Z,2020-07-16 12:05:52.802684,Completed,analysis
164,69823,2020-07-16T08:00:00.001Z,2020-07-16T08:30:00.001Z,2020-07-16 12:35:53.084261,Completed,analysis
165,69823,2020-07-16T08:30:00.001Z,2020-07-16T09:00:00.001Z,2020-07-16 13:05:53.313105,Completed,analysis
166,69823,2020-07-16T09:00:00.001Z,2020-07-16T09:30:00.001Z,2020-07-16 13:35:53.529917,Completed,analysis
167,69823,2020-07-16T09:30:00.001Z,2020-07-16T10:00:00.001Z,2020-07-16 14:05:53.795301,Completed,analysis
168,69823,2020-07-16T10:00:00.001Z,2020-07-16T10:30:00.001Z,2020-07-16 14:35:54.141390,Completed,analysis
169,69823,2020-07-17T05:30:00.001Z,2020-07-17T06:00:00.001Z,2020-07-17 05:45:03.488652,Completed,analysis
170,69823,2020-07-17T06:00:00.001Z,2020-07-17T06:30:00.001Z,2020-07-17 06:15:03.825305,Completed,analysis
171,69823,2020-07-17T06:30:00.001Z,2020-07-17T07:00:00.001Z,2020-07-17 06:45:04.118360,Completed,analysis
172,69823,2020-07-17T07:00:00.001Z,2020-07-17T07:30:00.001Z,2020-07-17 07:15:04.349694,Completed,analysis
173,69823,2020-07-17T07:30:00.001Z,2020-07-17T08:00:00.001Z,2020-07-17 07:45:04.614424,Completed,analysis
174,69823,2020-07-17T08:00:00.001Z,2020-07-17T08:30:00.001Z,2020-07-17 08:15:04.874187,Completed,analysis
175,69823,2020-07-17T08:30:00.001Z,2020-07-17T09:00:00.001Z,2020-07-17 08:45:05.118956,Completed,analysis
176,69823,2020-07-17T09:00:00.001Z,2020-07-17T09:30:00.001Z,2020-07-17 09:15:05.370689,Completed,analysis
177,69823,2020-07-17T09:30:00.001Z,2020-07-17T10:00:00.001Z,2020-07-17 09:45:05.945768,Completed,analysis
178,69823,2020-07-17T10:00:00.001Z,2020-07-17T10:30:00.001Z,2020-07-17 10:15:06.233610,Error uploading data,analysis
179,69823,2020-07-17T10:30:00.001Z,2020-07-17T11:00:00.001Z,2020-07-17 10:45:06.753317,Error uploading data,analysis
180,69823,2020-07-20T05:30:00.001Z,2020-07-20T06:00:00.001Z,2020-07-20 10:43:20.497619,Completed,analysis
181,69823,2020-07-20T06:00:00.001Z,2020-07-20T06:30:00.001Z,2020-07-20 11:13:20.777994,Completed,analysis
182,69823,2020-07-20T06:30:00.001Z,2020-07-20T07:00:00.001Z,2020-07-20 11:43:21.007311,Completed,analysis
183,69823,2020-07-20T07:00:00.001Z,2020-07-20T07:30:00.001Z,2020-07-20 12:13:21.316018,Completed,analysis
184,69823,2020-07-20T07:30:00.001Z,2020-07-20T08:00:00.001Z,2020-07-20 12:43:21.526765,Completed,analysis
185,69823,2020-07-20T08:00:00.001Z,2020-07-20T08:30:00.001Z,2020-07-20 13:13:21.751327,Completed,analysis
186,69823,2020-07-20T08:30:00.001Z,2020-07-20T09:00:00.001Z,2020-07-20 13:43:22.002759,Completed,analysis
187,69823,2020-07-20T09:00:00.001Z,2020-07-20T09:30:00.001Z,2020-07-20 14:13:22.231858,Completed,analysis
188,69823,2020-07-20T09:30:00.001Z,2020-07-20T10:00:00.001Z,2020-07-20 14:43:22.470457,Completed,analysis
189,69823,2020-07-20T10:00:00.001Z,2020-07-20T10:30:00.001Z,2020-07-20 15:13:22.731141,Completed,analysis
190,69823,2020-07-20T10:30:00.001Z,2020-07-20T11:00:00.001Z,2020-07-20 15:43:22.956628,Completed,analysis
191,69823,2020-07-20T11:00:00.001Z,2020-07-20T11:30:00.001Z,2020-07-20 16:13:23.181826,Completed,analysis
192,69823,2020-07-20T11:30:00.001Z,2020-07-20T12:00:00.001Z,2020-07-20 16:43:23.421939,Completed,analysis
193,69823,2020-07-20T12:00:00.001Z,2020-07-20T12:30:00.001Z,2020-07-20 17:13:23.677230,Error uploading data,analysis
194,69823,2020-07-20T12:30:00.001Z,2020-07-20T13:00:00.001Z,2020-07-20 17:43:23.908095,Error uploading data,analysis
195,69823,2020-07-20T13:00:00.001Z,2020-07-20T13:30:00.001Z,2020-07-20 18:13:24.129293,Error uploading data,analysis
196,69823,2020-07-20T13:30:00.001Z,2020-07-20T14:00:00.001Z,2020-07-20 18:43:24.402028,Error uploading data,analysis
197,69823,2020-07-20T14:00:00.001Z,2020-07-20T14:30:00.001Z,2020-07-20 19:13:24.660060,Error uploading data,analysis
198,69823,2020-07-20T14:30:00.001Z,2020-07-20T15:00:00.001Z,2020-07-20 19:43:24.944392,Error uploading data,analysis
199,69823,2020-07-20T15:00:00.001Z,2020-07-20T15:30:00.001Z,2020-07-20 20:13:25.189283,Error uploading data,analysis
200,69823,2020-07-20T15:30:00.001Z,2020-07-20T16:00:00.001Z,2020-07-20 20:43:25.425155,Error uploading data,analysis
201,69823,2020-07-20T16:00:00.001Z,2020-07-20T16:30:00.001Z,2020-07-21 05:29:06.858534,Error uploading data,analysis
202,69823,2020-07-21T06:00:00.001Z,2020-07-21T06:30:00.001Z,2020-07-21 05:34:38.047098,Error uploading data,analysis
203,69823,2020-07-21T06:30:00.001Z,2020-07-21T07:00:00.001Z,2020-07-21 06:04:38.265165,Error uploading data,analysis
204,69823,2020-07-21T07:00:00.001Z,2020-07-21T07:30:00.001Z,2020-07-21 06:34:38.527146,Error uploading data,analysis
205,69823,2020-07-21T07:30:00.001Z,2020-07-21T08:00:00.001Z,2020-07-21 07:04:38.774917,Error uploading data,analysis
206,69823,2020-07-21T08:00:00.001Z,2020-07-21T08:30:00.001Z,2020-07-21 07:34:39.004828,Error uploading data,analysis
207,69823,2020-07-21T08:30:00.001Z,2020-07-21T09:00:00.001Z,2020-07-21 08:28:54.482041,Error uploading data,analysis
208,69823,2020-07-21T06:30:00.001Z,2020-07-21T07:00:00.001Z,2020-07-21 08:31:37.464276,Completed,analysis
209,69823,2020-07-21T07:00:00.001Z,2020-07-21T07:30:00.001Z,2020-07-21 09:01:37.771636,Completed,analysis
210,69823,2020-07-21T07:30:00.001Z,2020-07-21T08:00:00.001Z,2020-07-21 09:31:38.028216,Completed,analysis
211,69823,2020-07-21T08:00:00.001Z,2020-07-21T08:30:00.001Z,2020-07-21 10:01:38.250377,Completed,analysis
212,69823,2020-07-21T08:30:00.001Z,2020-07-21T09:00:00.001Z,2020-07-21 10:31:38.845283,Completed,analysis
213,69823,2020-07-21T09:00:00.001Z,2020-07-21T09:30:00.001Z,2020-07-21 11:01:39.076487,Completed,analysis
214,69823,2020-07-21T09:30:00.001Z,2020-07-21T10:00:00.001Z,2020-07-21 11:31:39.348952,Completed,analysis
215,69823,2020-07-21T10:00:00.001Z,2020-07-21T10:30:00.001Z,2020-07-21 12:01:39.585879,Completed,analysis
216,69823,2020-07-21T10:30:00.001Z,2020-07-21T11:00:00.001Z,2020-07-21 12:31:39.806775,Completed,analysis
217,69823,2020-07-21T11:00:00.001Z,2020-07-21T11:30:00.001Z,2020-07-21 13:01:40.085717,Completed,analysis
218,69823,2020-07-21T11:30:00.001Z,2020-07-21T12:00:00.001Z,2020-07-21 13:31:40.299292,Completed,analysis
219,69823,2020-07-21T12:00:00.001Z,2020-07-21T12:30:00.001Z,2020-07-21 14:01:40.521319,Completed,analysis
220,69823,2020-07-21T12:30:00.001Z,2020-07-21T13:00:00.001Z,2020-07-21 14:31:40.822183,Error uploading data,analysis
221,69823,2020-07-21T13:00:00.001Z,2020-07-21T13:30:00.001Z,2020-07-21 22:35:12.989195,Error uploading data,analysis
222,69823,2020-07-22T05:30:00.001Z,2020-07-22T06:00:00.001Z,2020-07-22 05:53:45.360655,Completed,analysis
223,69823,2020-07-22T06:00:00.001Z,2020-07-22T06:30:00.001Z,2020-07-22 06:23:45.587233,Completed,analysis
224,69823,2020-07-22T06:30:00.001Z,2020-07-22T07:00:00.001Z,2020-07-22 06:53:45.852734,Completed,analysis
225,69823,2020-07-22T07:00:00.001Z,2020-07-22T07:30:00.001Z,2020-07-22 07:23:46.109306,Completed,analysis
226,69823,,,2020-07-22 07:40:14.555665,Processing,build_model
227,69823,,,2020-07-22 07:50:29.813441,Processing,build_model
228,69823,,,2020-07-22 08:01:57.541074,Processing,build_model
229,69823,2020-07-22T08:30:00.001Z,2020-07-22T09:00:00.001Z,2020-07-22 08:06:35.212021,Error uploading data,analysis
230,69823,,,2020-07-22 08:08:16.158706,Processing,build_model
231,69823,2020-07-22T09:00:00.001Z,2020-07-22T09:30:00.001Z,2020-07-22 08:36:35.466450,Error uploading data,analysis
232,69823,,,2020-07-22 08:42:19.523265,Processing,build_model
233,69823,,,2020-07-22 08:43:02.053470,Processing,build_model
234,69823,,,2020-07-22 08:44:13.464497,Processing,build_model
235,69823,,,2020-07-22 08:45:16.478811,Processing,build_model
236,69823,2020-07-22T09:30:00.001Z,2020-07-22T10:00:00.001Z,2020-07-22 09:06:35.732082,Completed,analysis
237,69823,2020-07-22T10:00:00.001Z,2020-07-22T10:30:00.001Z,2020-07-22 09:36:35.961155,Completed,analysis
238,69823,2020-07-22T10:30:00.001Z,2020-07-22T11:00:00.001Z,2020-07-22 10:06:36.215776,Completed,analysis
239,69823,2020-07-22T11:00:00.001Z,2020-07-22T11:30:00.001Z,2020-07-22 10:36:36.542414,Completed,analysis
240,69823,2020-07-22T11:30:00.001Z,2020-07-22T12:00:00.001Z,2020-07-22 11:06:37.072338,Completed,analysis
241,69823,2020-07-22T12:00:00.001Z,2020-07-22T12:30:00.001Z,2020-07-22 11:36:37.352370,Completed,analysis
242,69823,2020-07-22T12:30:00.001Z,2020-07-22T13:00:00.001Z,2020-07-22 12:06:37.595243,Error uploading data,analysis
243,69823,2020-07-22T13:00:00.001Z,2020-07-22T13:30:00.001Z,2020-07-22 12:36:37.859299,Error uploading data,analysis
244,69823,2020-07-22T13:30:00.001Z,2020-07-22T14:00:00.001Z,2020-07-22 13:06:38.124769,Error uploading data,analysis
245,69823,2020-07-22T14:00:00.001Z,2020-07-22T14:30:00.001Z,2020-07-22 13:36:38.353231,Error uploading data,analysis
246,69823,2020-07-22T14:30:00.001Z,2020-07-22T15:00:00.001Z,2020-07-22 14:06:38.688313,Error uploading data,analysis
247,69823,2020-07-22T15:00:00.001Z,2020-07-22T15:30:00.001Z,2020-07-22 14:36:39.055949,Error uploading data,analysis
248,69823,2020-07-22T15:30:00.001Z,2020-07-22T16:00:00.001Z,2020-07-22 15:06:39.306360,Error uploading data,analysis
249,69823,2020-07-22T16:00:00.001Z,2020-07-22T16:30:00.001Z,2020-07-22 15:36:39.576338,Error uploading data,analysis
250,69823,2020-07-22T16:30:00.001Z,2020-07-22T17:00:00.001Z,2020-07-22 16:06:39.815486,Error uploading data,analysis
251,69823,2020-07-22T17:00:00.001Z,2020-07-22T17:30:00.001Z,2020-07-22 16:36:40.279590,Error uploading data,analysis
252,69823,2020-07-22T17:30:00.001Z,2020-07-22T18:00:00.001Z,2020-07-22 17:06:40.518042,Error uploading data,analysis
253,69823,2020-07-22T18:00:00.001Z,2020-07-22T18:30:00.001Z,2020-07-22 17:36:40.752722,Error uploading data,analysis
254,69823,2020-07-22T18:30:00.001Z,2020-07-22T19:00:00.001Z,2020-07-22 18:06:40.980092,Error uploading data,analysis
255,69823,2020-07-22T19:00:00.001Z,2020-07-22T19:30:00.001Z,2020-07-22 18:36:41.222620,Error uploading data,analysis
256,69823,2020-07-22T19:30:00.001Z,2020-07-22T20:00:00.001Z,2020-07-22 19:06:41.466316,Error uploading data,analysis
257,69823,2020-07-22T20:00:00.001Z,2020-07-22T20:30:00.001Z,2020-07-22 19:36:41.716300,Error uploading data,analysis
258,69823,2020-07-22T20:30:00.001Z,2020-07-22T21:00:00.001Z,2020-07-22 20:06:41.967771,Error uploading data,analysis
259,69823,2020-07-22T21:00:00.001Z,2020-07-22T21:30:00.001Z,2020-07-23 05:56:27.326605,Error uploading data,analysis
260,69823,,,2020-07-23 06:32:57.780426,Completed,build_model
261,69823,2020-07-23T05:30:00.001Z,2020-07-23T06:00:00.001Z,2020-07-23 13:53:24.625789,Completed,analysis
262,69823,2020-07-23T06:00:00.001Z,2020-07-23T06:30:00.001Z,2020-07-23 14:23:24.832217,Completed,analysis
263,69823,2020-07-23T06:30:00.001Z,2020-07-23T07:00:00.001Z,2020-07-23 14:53:25.060653,Completed,analysis
264,69823,2020-07-23T07:00:00.001Z,2020-07-23T07:30:00.001Z,2020-07-23 15:23:25.279967,Completed,analysis
265,69823,2020-07-23T07:30:00.001Z,2020-07-23T08:00:00.001Z,2020-07-23 15:53:25.503102,Completed,analysis
266,69823,2020-07-23T08:00:00.001Z,2020-07-23T08:30:00.001Z,2020-07-23 16:23:25.719887,Completed,analysis
267,69823,2020-07-23T08:30:00.001Z,2020-07-23T09:00:00.001Z,2020-07-23 16:53:25.969632,Completed,analysis
268,69823,2020-07-23T09:00:00.001Z,2020-07-23T09:30:00.001Z,2020-07-23 17:23:26.208006,Error uploading data,analysis
269,69823,2020-07-23T09:30:00.001Z,2020-07-23T10:00:00.001Z,2020-07-23 17:53:26.420075,Error uploading data,analysis
270,69823,2020-07-23T10:00:00.001Z,2020-07-23T10:30:00.001Z,2020-07-23 18:23:26.662958,Error uploading data,analysis
271,69823,2020-07-23T10:30:00.001Z,2020-07-23T11:00:00.001Z,2020-07-23 18:53:26.886660,Processing,analysis
272,69823,2020-07-13T10:00:00.001Z,2020-07-13T10:30:00.001Z,2020-07-24 06:10:05.676965,Completed,analysis
273,69823,2020-07-13T10:30:00.001Z,2020-07-13T11:00:00.001Z,2020-07-24 06:20:05.916159,Completed,analysis
274,69823,2020-07-13T11:00:00.001Z,2020-07-13T11:30:00.001Z,2020-07-24 06:30:06.136941,Completed,analysis
275,69823,2020-07-24T09:24:31.346Z,2020-07-24T09:54:31.346Z,2020-07-24 07:54:48.751647,Error uploading data,analysis
276,69823,2020-08-05T10:33:11.870Z,2020-08-05T11:03:11.870Z,2020-08-05 11:03:11.981950,Processing,analysis
277,69823,2020-08-05T11:03:12.093Z,2020-08-05T11:33:12.093Z,2020-08-05 11:33:12.108384,Processing,analysis
278,69823,2020-08-05T11:29:21.138Z,2020-08-05T11:59:21.138Z,2020-08-05 11:59:21.158870,Processing,analysis
279,69823,2020-08-05T11:54:13.025Z,2020-08-05T12:24:13.025Z,2020-08-05 12:24:13.047080,Processing,analysis
280,69823,2020-08-05T12:46:54.500Z,2020-08-05T13:16:54.500Z,2020-08-05 13:16:54.522849,Processing,analysis
281,69823,2020-08-05T14:49:22.219Z,2020-08-05T15:19:22.219Z,2020-08-05 13:19:40.762877,Processing,analysis
282,69823,2020-07-12T08:40:00.001Z,2020-07-12T09:30:00.001Z,2020-08-05 13:29:28.272505,Processing,analysis
283,69823,2020-08-05T13:16:54.636Z,2020-08-05T13:46:54.636Z,2020-08-05 13:46:54.645400,Processing,analysis
284,69823,2020-08-05T13:46:54.751Z,2020-08-05T14:16:54.751Z,2020-08-05 14:16:54.757637,Processing,analysis
285,69823,2020-08-05T14:16:54.857Z,2020-08-05T14:46:54.857Z,2020-08-05 14:46:54.864735,Processing,analysis
286,69823,2020-08-05T14:46:54.949Z,2020-08-05T15:16:54.949Z,2020-08-05 15:16:54.957950,Processing,analysis
287,69823,2020-08-05T15:16:55.050Z,2020-08-05T15:46:55.050Z,2020-08-05 15:46:55.059153,Processing,analysis
288,69823,2020-08-05T15:46:55.115Z,2020-08-05T16:16:55.115Z,2020-08-05 16:16:55.121353,Processing,analysis
289,69823,2020-08-05T16:16:55.215Z,2020-08-05T16:46:55.215Z,2020-08-05 16:46:55.221567,Processing,analysis
290,69823,2020-08-05T16:46:55.324Z,2020-08-05T17:16:55.324Z,2020-08-05 17:16:55.332259,Processing,analysis
291,69823,2020-08-05T17:16:55.420Z,2020-08-05T17:46:55.420Z,2020-08-05 17:46:55.427138,Processing,analysis
292,69823,2020-08-05T17:46:55.519Z,2020-08-05T18:16:55.519Z,2020-08-05 18:16:55.526981,Processing,analysis
293,69823,2020-08-05T18:16:55.621Z,2020-08-05T18:46:55.621Z,2020-08-05 18:46:55.628068,Processing,analysis
294,69823,2020-08-05T18:46:55.681Z,2020-08-05T19:16:55.681Z,2020-08-05 19:16:55.687143,Processing,analysis
295,69823,2020-08-05T19:16:55.723Z,2020-08-05T19:46:55.723Z,2020-08-05 19:46:55.729939,Processing,analysis
296,69823,2020-08-05T19:46:55.828Z,2020-08-05T20:16:55.828Z,2020-08-05 20:16:55.836572,Processing,analysis
297,69823,2020-08-05T20:16:55.947Z,2020-08-05T20:46:55.947Z,2020-08-05 20:46:55.959559,Processing,analysis
298,69823,2020-08-05T20:46:56.066Z,2020-08-05T21:16:56.066Z,2020-08-05 21:16:56.073152,Processing,analysis
299,69823,2020-08-05T21:16:56.140Z,2020-08-05T21:46:56.140Z,2020-08-05 21:46:56.148312,Processing,analysis
300,69823,2020-08-05T21:46:56.240Z,2020-08-05T22:16:56.240Z,2020-08-05 22:16:56.247609,Processing,analysis
301,69823,2020-08-05T22:16:56.350Z,2020-08-05T22:46:56.350Z,2020-08-05 22:46:56.357057,Processing,analysis
302,69823,2020-08-05T22:46:56.441Z,2020-08-05T23:16:56.441Z,2020-08-05 23:16:56.449381,Processing,analysis
303,69823,2020-08-05T23:16:56.554Z,2020-08-05T23:46:56.554Z,2020-08-05 23:46:56.560840,Processing,analysis
304,69823,2020-08-05T23:46:56.661Z,2020-08-06T00:16:56.661Z,2020-08-06 00:16:56.669390,Processing,analysis
305,69823,2020-08-06T00:16:56.758Z,2020-08-06T00:46:56.758Z,2020-08-06 00:46:56.765114,Processing,analysis
306,69823,2020-08-06T00:46:56.842Z,2020-08-06T01:16:56.842Z,2020-08-06 01:16:56.849783,Processing,analysis
307,69823,2020-08-06T01:16:56.878Z,2020-08-06T01:46:56.878Z,2020-08-06 01:46:56.884979,Processing,analysis
308,69823,2020-08-06T01:46:56.981Z,2020-08-06T02:16:56.981Z,2020-08-06 02:16:56.988334,Processing,analysis
309,69823,2020-08-06T02:16:57.062Z,2020-08-06T02:46:57.062Z,2020-08-06 02:46:57.070351,Processing,analysis
310,69823,2020-08-06T02:46:57.181Z,2020-08-06T03:16:57.181Z,2020-08-06 03:16:57.188851,Processing,analysis
311,69823,2020-08-06T03:16:57.282Z,2020-08-06T03:46:57.282Z,2020-08-06 03:46:57.288887,Processing,analysis
312,69823,2020-08-06T03:46:57.384Z,2020-08-06T04:16:57.384Z,2020-08-06 04:16:57.394984,Processing,analysis
313,69823,2020-08-06T04:16:57.494Z,2020-08-06T04:46:57.494Z,2020-08-06 04:46:57.502660,Processing,analysis
314,69823,2020-08-06T04:46:57.567Z,2020-08-06T05:16:57.567Z,2020-08-06 05:16:57.575460,Processing,analysis
315,69823,2020-08-06T05:16:57.687Z,2020-08-06T05:46:57.687Z,2020-08-06 05:46:57.694620,Processing,analysis
316,69823,2020-08-06T05:46:57.805Z,2020-08-06T06:16:57.805Z,2020-08-06 06:16:57.814308,Processing,analysis
317,69823,2020-08-06T07:05:57.296Z,2020-08-06T07:35:57.296Z,2020-08-06 07:35:57.329396,Processing,analysis
318,69823,2020-08-06T07:37:03.625Z,2020-08-06T08:07:03.625Z,2020-08-06 08:07:03.645666,Processing,analysis
319,69823,2020-08-06T11:08:40.571Z,2020-08-06T11:38:40.571Z,2020-08-06 11:38:40.730224,Processing,analysis
320,69823,2020-08-06T11:32:23.053Z,2020-08-06T12:02:23.053Z,2020-08-06 12:02:23.069226,Processing,analysis
321,69823,2020-08-06T12:02:23.191Z,2020-08-06T12:32:23.191Z,2020-08-06 12:32:23.209598,Processing,analysis
322,69823,2020-08-06T12:32:23.307Z,2020-08-06T13:02:23.307Z,2020-08-06 13:02:23.323703,Processing,analysis
323,69823,2020-08-06T12:50:18.065Z,2020-08-06T13:20:18.065Z,2020-08-06 13:20:18.109351,Processing,analysis
324,69823,2020-08-06T13:06:42.892Z,2020-08-06T13:36:42.892Z,2020-08-06 13:36:42.916893,Processing,analysis
325,69823,2020-08-06T13:08:10.473Z,2020-08-06T13:38:10.473Z,2020-08-06 13:38:10.492080,Processing,analysis
326,69823,2020-07-12T08:45:00.000Z,2020-07-12T09:10:00.000Z,2020-08-06 13:38:59.159806,Processing,analysis
327,69823,2020-08-06T13:09:21.174Z,2020-08-06T13:39:21.174Z,2020-08-06 13:39:21.195223,Processing,analysis
328,69823,2020-08-07T04:48:30.500Z,2020-08-07T05:18:30.500Z,2020-08-07 05:18:30.520439,Processing,analysis
329,69823,2020-08-07T04:56:10.897Z,2020-08-07T05:26:10.897Z,2020-08-07 05:26:10.919652,Processing,analysis
330,69823,2020-07-12T08:45:00.000Z,2020-07-12T15:10:00.000Z,2020-08-07 09:07:32.851427,Processing,analysis
331,69823,2020-07-12T08:45:00.000Z,2020-07-12T15:10:00.000Z,2020-08-11 07:35:09.240535,Processing,analysis
332,69823,2020-07-12T08:45:00.000Z,2020-07-12T15:10:00.000Z,2020-08-11 12:46:19.992460,Processing,analysis
333,69823,2020-07-13T08:45:00.000Z,2020-07-13T10:10:00.000Z,2020-08-12 07:56:25.387081,Processing,analysis
334,69823,2020-07-13T08:45:00.000Z,2020-07-13T10:10:00.000Z,2020-08-12 12:13:11.803977,Processing,analysis
335,69823,2020-07-13T10:45:00.000Z,2020-07-13T12:10:00.000Z,2020-08-12 13:02:11.821413,Processing,analysis
336,69823,2020-07-13T10:45:00.000Z,2020-07-13T12:10:00.000Z,2020-08-13 08:59:08.458141,Processing,analysis
337,69823,2020-07-13T10:45:00.000Z,2020-07-13T12:10:00.000Z,2020-08-13 09:46:56.479495,Processing,analysis
338,69823,2020-07-13T10:45:00.000Z,2020-07-13T12:10:00.000Z,2020-08-14 09:36:01.829429,Processing,analysis
339,69823,2020-07-13T06:45:00.000Z,2020-07-13T08:10:00.000Z,2020-08-14 10:55:37.934793,Processing,analysis
340,69823,2020-07-13T07:45:00.000Z,2020-07-13T09:10:00.000Z,2020-08-14 11:22:19.475052,Processing,analysis
341,69823,2020-07-13T07:45:00.000Z,2020-07-13T09:10:00.000Z,2020-08-18 06:30:19.430936,Processing,analysis
342,69823,2020-07-13T07:45:00.000Z,2020-07-13T09:10:00.000Z,2020-08-18 08:50:40.182520,Processing,analysis
343,69823,2020-07-13T12:45:00.000Z,2020-07-13T14:20:00.000Z,2020-08-18 11:29:11.953428,Completed,analysis
344,69823,2020-08-19T05:48:57.912Z,2020-08-19T06:18:57.912Z,2020-08-19 06:18:57.929633,Processing,analysis
345,69823,2020-08-19T06:18:58.037Z,2020-08-19T06:48:58.037Z,2020-08-19 06:48:58.053989,Processing,analysis
346,69823,2020-08-19T06:48:58.166Z,2020-08-19T07:18:58.166Z,2020-08-19 07:18:58.173513,Processing,analysis
347,69823,2020-08-19T07:04:00.458Z,2020-08-19T07:34:00.458Z,2020-08-19 07:34:00.479725,Processing,analysis
348,69823,2020-08-19T09:41:55.775Z,2020-08-19T10:11:55.775Z,2020-08-19 10:11:55.803441,Processing,analysis
349,69823,2020-08-19T10:23:40.758Z,2020-08-19T10:53:40.758Z,2020-08-19 10:53:40.801460,Processing,analysis
350,69823,2020-08-19T10:53:40.917Z,2020-08-19T11:23:40.917Z,2020-08-19 11:23:40.925053,Processing,analysis
351,69823,2020-08-19T11:23:41.026Z,2020-08-19T11:53:41.026Z,2020-08-19 11:53:41.033935,Processing,analysis
352,69823,2020-08-19T11:53:41.132Z,2020-08-19T12:23:41.132Z,2020-08-19 12:23:41.147282,Processing,analysis
353,69823,2020-08-19T12:23:41.225Z,2020-08-19T12:53:41.225Z,2020-08-19 12:53:41.242717,Processing,analysis
354,69823,2020-08-19T12:53:41.361Z,2020-08-19T13:23:41.361Z,2020-08-19 13:23:41.378277,Processing,analysis
355,69823,2020-08-19T13:23:41.423Z,2020-08-19T13:53:41.423Z,2020-08-19 13:53:41.431977,Processing,analysis
356,69823,2020-08-19T13:53:41.524Z,2020-08-19T14:23:41.524Z,2020-08-19 14:23:41.533437,Processing,analysis
357,69823,2020-08-19T14:23:41.807Z,2020-08-19T14:53:41.807Z,2020-08-19 14:53:41.816700,Processing,analysis
358,69823,2020-08-19T14:53:42.007Z,2020-08-19T15:23:42.007Z,2020-08-19 15:23:42.416710,Processing,analysis
359,69823,2020-08-19T15:23:42.654Z,2020-08-19T15:53:42.654Z,2020-08-19 15:53:42.660748,Processing,analysis
360,69823,2020-08-19T15:53:42.773Z,2020-08-19T16:23:42.773Z,2020-08-19 16:23:42.781322,Processing,analysis
361,69823,2020-08-19T16:23:42.879Z,2020-08-19T16:53:42.879Z,2020-08-19 16:53:42.887957,Processing,analysis
362,69823,2020-08-19T16:53:42.918Z,2020-08-19T17:23:42.918Z,2020-08-19 17:23:42.926678,Processing,analysis
363,69823,2020-08-19T17:23:43.029Z,2020-08-19T17:53:43.029Z,2020-08-19 17:53:43.036459,Processing,analysis
364,69823,2020-08-19T17:53:43.136Z,2020-08-19T18:23:43.136Z,2020-08-19 18:23:43.143156,Processing,analysis
365,69823,2020-08-19T18:23:43.215Z,2020-08-19T18:53:43.215Z,2020-08-19 18:53:43.224238,Processing,analysis
366,69823,2020-08-19T18:53:43.254Z,2020-08-19T19:23:43.254Z,2020-08-19 19:23:43.260996,Processing,analysis
367,69823,2020-08-19T19:23:43.369Z,2020-08-19T19:53:43.369Z,2020-08-19 19:53:43.375850,Processing,analysis
368,69823,2020-08-19T19:53:43.472Z,2020-08-19T20:23:43.472Z,2020-08-19 20:23:43.478986,Processing,analysis
369,69823,2020-08-19T20:23:43.588Z,2020-08-19T20:53:43.588Z,2020-08-19 20:53:43.596451,Processing,analysis
370,69823,2020-08-19T20:53:43.672Z,2020-08-19T21:23:43.672Z,2020-08-19 21:23:43.680435,Processing,analysis
371,69823,2020-08-19T21:23:43.787Z,2020-08-19T21:53:43.787Z,2020-08-19 21:53:43.793834,Processing,analysis
372,69823,2020-08-19T21:53:43.888Z,2020-08-19T22:23:43.888Z,2020-08-19 22:23:43.897015,Processing,analysis
373,69823,2020-08-19T22:23:44.010Z,2020-08-19T22:53:44.010Z,2020-08-19 22:53:44.017243,Processing,analysis
374,69823,2020-08-19T22:53:44.122Z,2020-08-19T23:23:44.122Z,2020-08-19 23:23:44.130195,Processing,analysis
375,69823,2020-08-19T23:23:44.231Z,2020-08-19T23:53:44.231Z,2020-08-19 23:53:44.237645,Processing,analysis
376,69823,2020-08-19T23:53:44.313Z,2020-08-20T00:23:44.313Z,2020-08-20 00:23:44.320199,Processing,analysis
377,69823,2020-08-20T00:23:44.365Z,2020-08-20T00:53:44.365Z,2020-08-20 00:53:44.371930,Processing,analysis
378,69823,2020-08-20T00:53:44.484Z,2020-08-20T01:23:44.484Z,2020-08-20 01:23:44.492031,Processing,analysis
379,69823,2020-08-20T01:23:44.599Z,2020-08-20T01:53:44.599Z,2020-08-20 01:53:44.607696,Processing,analysis
380,69823,2020-08-20T01:53:44.672Z,2020-08-20T02:23:44.672Z,2020-08-20 02:23:44.679055,Processing,analysis
381,69823,2020-08-20T02:23:44.757Z,2020-08-20T02:53:44.757Z,2020-08-20 02:53:44.763850,Processing,analysis
382,69823,2020-08-20T02:53:44.875Z,2020-08-20T03:23:44.875Z,2020-08-20 03:23:44.881137,Processing,analysis
383,69823,2020-08-20T03:23:44.983Z,2020-08-20T03:53:44.983Z,2020-08-20 03:53:44.991105,Processing,analysis
384,69823,2020-08-20T03:53:45.026Z,2020-08-20T04:23:45.026Z,2020-08-20 04:23:45.034092,Processing,analysis
385,69823,2020-08-20T04:23:45.128Z,2020-08-20T04:53:45.128Z,2020-08-20 04:53:45.135590,Processing,analysis
386,69823,2020-08-20T04:53:45.248Z,2020-08-20T05:23:45.248Z,2020-08-20 05:23:45.256865,Processing,analysis
387,69823,2020-08-20T05:23:45.312Z,2020-08-20T05:53:45.312Z,2020-08-20 05:53:45.319155,Processing,analysis
388,69823,2020-08-20T05:53:45.400Z,2020-08-20T06:23:45.400Z,2020-08-20 06:23:45.408054,Processing,analysis
389,69823,2020-08-20T06:23:45.511Z,2020-08-20T06:53:45.511Z,2020-08-20 06:53:45.518893,Processing,analysis
390,69823,2020-08-20T06:53:45.599Z,2020-08-20T07:23:45.599Z,2020-08-20 07:23:45.608703,Processing,analysis
391,69823,2020-08-20T07:23:45.720Z,2020-08-20T07:53:45.720Z,2020-08-20 07:53:45.730455,Processing,analysis
392,69823,2020-08-20T07:53:45.818Z,2020-08-20T08:23:45.818Z,2020-08-20 08:23:45.825224,Processing,analysis
393,69823,2020-08-20T08:23:45.934Z,2020-08-20T08:53:45.934Z,2020-08-20 08:53:45.941863,Processing,analysis
394,69823,2020-08-20T08:53:46.019Z,2020-08-20T09:23:46.019Z,2020-08-20 09:23:46.026307,Processing,analysis
395,69823,2020-08-20T09:23:46.117Z,2020-08-20T09:53:46.117Z,2020-08-20 09:53:46.123882,Processing,analysis
396,69823,2020-08-20T09:53:46.238Z,2020-08-20T10:23:46.238Z,2020-08-20 10:23:46.245513,Processing,analysis
397,69823,2020-08-20T10:23:46.356Z,2020-08-20T10:53:46.356Z,2020-08-20 10:53:46.363350,Processing,analysis
398,69823,2020-08-20T10:44:11.992Z,2020-08-20T11:14:11.992Z,2020-08-20 11:14:12.012960,Processing,analysis
399,69823,2020-07-13T12:45:00.000Z,2020-07-13T14:20:00.000Z,2020-08-20 11:35:51.069512,Processing,analysis
400,69823,2020-07-13T12:45:00.000Z,2020-07-13T14:20:00.000Z,2020-08-20 11:37:12.033400,Processing,analysis
401,69823,2020-07-13T12:45:00.000Z,2020-07-13T14:20:00.000Z,2020-08-20 11:39:34.874026,Processing,analysis
402,69823,2020-08-20T11:10:24.727Z,2020-08-20T11:40:24.727Z,2020-08-20 11:40:24.746145,Processing,analysis
403,69823,2020-07-13T12:45:00.000Z,2020-07-13T14:20:00.000Z,2020-08-20 11:40:39.547169,Processing,analysis
404,69823,2020-08-20T12:12:18.203Z,2020-08-20T12:42:18.203Z,2020-08-20 12:42:18.237062,Error uploading data,analysis
405,69823,2020-08-21T05:15:55.305Z,2020-08-21T05:45:55.305Z,2020-08-21 05:45:55.323402,Error uploading data,analysis
406,69823,2020-08-21T06:07:56.904Z,2020-08-21T06:37:56.904Z,2020-08-21 06:37:57.027669,Error uploading data,analysis
407,69823,2020-08-21T06:37:57.084Z,2020-08-21T07:07:57.084Z,2020-08-21 07:07:57.102801,Error uploading data,analysis
408,69823,2020-08-21T07:07:57.214Z,2020-08-21T07:37:57.214Z,2020-08-21 07:37:57.227132,Error uploading data,analysis
409,69823,2020-08-21T07:37:57.341Z,2020-08-21T08:07:57.341Z,2020-08-21 08:07:57.350295,Error uploading data,analysis
410,69823,2020-08-21T08:07:57.391Z,2020-08-21T08:37:57.391Z,2020-08-21 08:37:57.398576,Error uploading data,analysis
411,69823,2020-08-21T08:37:57.627Z,2020-08-21T09:07:57.627Z,2020-08-21 09:07:57.678495,Error uploading data,analysis
412,69823,2020-08-21T09:07:57.841Z,2020-08-21T09:37:57.841Z,2020-08-21 09:37:57.848382,Error uploading data,analysis
413,69823,2020-08-21T09:37:57.936Z,2020-08-21T10:07:57.936Z,2020-08-21 10:07:57.945244,Error uploading data,analysis
414,69823,2020-08-21T10:07:57.973Z,2020-08-21T10:37:57.973Z,2020-08-21 10:37:57.991801,Error uploading data,analysis
415,69823,2020-08-21T10:28:48.281Z,2020-08-21T10:58:48.281Z,2020-08-21 10:58:48.505001,Processing,analysis
416,69823,2020-07-13T12:45:00.000Z,2020-07-13T14:20:00.000Z,2020-08-21 11:00:50.803451,Processing,analysis
417,69823,2020-08-21T11:05:21.166Z,2020-08-21T11:35:21.166Z,2020-08-21 11:35:21.345940,Error uploading data,analysis
418,69823,2020-08-21T11:35:21.455Z,2020-08-21T12:05:21.455Z,2020-08-21 12:05:21.472500,Error uploading data,analysis
419,69823,2020-08-21T12:05:21.572Z,2020-08-21T12:35:21.572Z,2020-08-21 12:35:21.585425,Error uploading data,analysis
420,69823,2020-08-21T12:35:21.694Z,2020-08-21T13:05:21.694Z,2020-08-21 13:05:21.701359,Error uploading data,analysis
421,69823,2020-08-21T13:05:21.734Z,2020-08-21T13:35:21.734Z,2020-08-21 13:35:21.741734,Error uploading data,analysis
422,69823,2020-08-21T13:35:21.808Z,2020-08-21T14:05:21.808Z,2020-08-21 14:05:21.815840,Error uploading data,analysis
423,69823,2020-08-21T14:05:21.895Z,2020-08-21T14:35:21.895Z,2020-08-21 14:35:21.902103,Error uploading data,analysis
424,69823,2020-08-21T14:35:21.998Z,2020-08-21T15:05:21.998Z,2020-08-21 15:05:22.014538,Error uploading data,analysis
425,69823,2020-08-21T15:05:22.075Z,2020-08-21T15:35:22.075Z,2020-08-21 15:35:22.086270,Error uploading data,analysis
426,69823,2020-08-21T15:35:22.190Z,2020-08-21T16:05:22.190Z,2020-08-21 16:05:22.197042,Error uploading data,analysis
427,69823,2020-08-21T16:05:22.290Z,2020-08-21T16:35:22.290Z,2020-08-21 16:35:22.297498,Error uploading data,analysis
428,69823,2020-08-21T16:35:22.332Z,2020-08-21T17:05:22.332Z,2020-08-21 17:05:22.338881,Error uploading data,analysis
429,69823,2020-08-21T17:05:22.434Z,2020-08-21T17:35:22.434Z,2020-08-21 17:35:22.441737,Error uploading data,analysis
430,69823,2020-08-21T17:35:22.535Z,2020-08-21T18:05:22.535Z,2020-08-21 18:05:22.541666,Error uploading data,analysis
431,69823,2020-08-21T18:05:22.641Z,2020-08-21T18:35:22.641Z,2020-08-21 18:35:22.647540,Error uploading data,analysis
432,69823,2020-08-21T18:35:22.743Z,2020-08-21T19:05:22.743Z,2020-08-21 19:05:22.751036,Error uploading data,analysis
433,69823,2020-08-21T19:05:22.859Z,2020-08-21T19:35:22.859Z,2020-08-21 19:35:22.865957,Error uploading data,analysis
434,69823,2020-08-21T19:35:22.907Z,2020-08-21T20:05:22.907Z,2020-08-21 20:05:22.913615,Error uploading data,analysis
435,69823,2020-08-21T20:05:23.017Z,2020-08-21T20:35:23.017Z,2020-08-21 20:35:23.023236,Error uploading data,analysis
436,69823,2020-08-21T20:35:23.127Z,2020-08-21T21:05:23.127Z,2020-08-21 21:05:23.134879,Error uploading data,analysis
437,69823,2020-08-21T21:05:23.180Z,2020-08-21T21:35:23.180Z,2020-08-21 21:35:23.187115,Error uploading data,analysis
438,69823,2020-08-21T21:35:23.217Z,2020-08-21T22:05:23.217Z,2020-08-21 22:05:23.224216,Error uploading data,analysis
439,69823,2020-08-21T22:05:23.311Z,2020-08-21T22:35:23.311Z,2020-08-21 22:35:23.318214,Error uploading data,analysis
440,69823,2020-08-21T22:35:23.381Z,2020-08-21T23:05:23.381Z,2020-08-21 23:05:23.388047,Error uploading data,analysis
441,69823,2020-08-21T23:05:23.500Z,2020-08-21T23:35:23.500Z,2020-08-21 23:35:23.506723,Error uploading data,analysis
442,69823,2020-08-21T23:35:23.580Z,2020-08-22T00:05:23.580Z,2020-08-22 00:05:23.586709,Error uploading data,analysis
443,69823,2020-08-22T00:05:23.668Z,2020-08-22T00:35:23.668Z,2020-08-22 00:35:23.674782,Error uploading data,analysis
444,69823,2020-08-22T00:35:23.791Z,2020-08-22T01:05:23.791Z,2020-08-22 01:05:23.798007,Error uploading data,analysis
445,69823,2020-08-22T01:05:23.909Z,2020-08-22T01:35:23.909Z,2020-08-22 01:35:23.917113,Error uploading data,analysis
446,69823,2020-08-22T01:35:24.031Z,2020-08-22T02:05:24.031Z,2020-08-22 02:05:24.037820,Error uploading data,analysis
447,69823,2020-08-22T02:05:24.102Z,2020-08-22T02:35:24.102Z,2020-08-22 02:35:24.109605,Error uploading data,analysis
448,69823,2020-08-22T02:35:24.194Z,2020-08-22T03:05:24.194Z,2020-08-22 03:05:24.201329,Error uploading data,analysis
449,69823,2020-08-22T03:05:24.310Z,2020-08-22T03:35:24.310Z,2020-08-22 03:35:24.318479,Error uploading data,analysis
450,69823,2020-08-22T03:35:24.403Z,2020-08-22T04:05:24.403Z,2020-08-22 04:05:24.412092,Error uploading data,analysis
451,69823,2020-08-22T04:05:24.502Z,2020-08-22T04:35:24.502Z,2020-08-22 04:35:24.512503,Error uploading data,analysis
452,69823,2020-08-22T04:35:24.615Z,2020-08-22T05:05:24.615Z,2020-08-22 05:05:24.621422,Error uploading data,analysis
453,69823,2020-08-22T05:05:24.721Z,2020-08-22T05:35:24.721Z,2020-08-22 05:35:24.727719,Error uploading data,analysis
454,69823,2020-08-22T05:35:24.835Z,2020-08-22T06:05:24.835Z,2020-08-22 06:05:24.842284,Error uploading data,analysis
455,69823,2020-08-22T06:05:24.936Z,2020-08-22T06:35:24.936Z,2020-08-22 06:35:24.942503,Error uploading data,analysis
456,69823,2020-08-22T06:35:25.052Z,2020-08-22T07:05:25.052Z,2020-08-22 07:05:25.059941,Error uploading data,analysis
457,69823,2020-08-22T07:05:25.092Z,2020-08-22T07:35:25.092Z,2020-08-22 07:35:25.101358,Error uploading data,analysis
458,69823,2020-08-22T07:35:25.197Z,2020-08-22T08:05:25.197Z,2020-08-22 08:05:25.204186,Error uploading data,analysis
459,69823,2020-08-22T08:05:25.290Z,2020-08-22T08:35:25.290Z,2020-08-22 08:35:25.297441,Error uploading data,analysis
460,69823,2020-08-22T08:35:25.410Z,2020-08-22T09:05:25.410Z,2020-08-22 09:05:25.416570,Error uploading data,analysis
461,69823,2020-08-22T09:05:25.511Z,2020-08-22T09:35:25.511Z,2020-08-22 09:35:25.517715,Error uploading data,analysis
462,69823,2020-08-22T09:35:25.620Z,2020-08-22T10:05:25.620Z,2020-08-22 10:05:25.628282,Error uploading data,analysis
463,69823,2020-08-22T10:05:25.716Z,2020-08-22T10:35:25.716Z,2020-08-22 10:35:25.723371,Error uploading data,analysis
464,69823,2020-08-22T10:35:25.809Z,2020-08-22T11:05:25.809Z,2020-08-22 11:05:25.816292,Error uploading data,analysis
465,69823,2020-08-22T11:05:25.908Z,2020-08-22T11:35:25.908Z,2020-08-22 11:35:25.914950,Error uploading data,analysis
466,69823,2020-08-22T11:35:25.986Z,2020-08-22T12:05:25.986Z,2020-08-22 12:05:25.994162,Error uploading data,analysis
467,69823,2020-08-22T12:05:26.109Z,2020-08-22T12:35:26.109Z,2020-08-22 12:35:26.116033,Error uploading data,analysis
468,69823,2020-08-22T12:35:26.214Z,2020-08-22T13:05:26.214Z,2020-08-22 13:05:26.220761,Error uploading data,analysis
469,69823,2020-08-22T13:05:26.328Z,2020-08-22T13:35:26.328Z,2020-08-22 13:35:26.337645,Error uploading data,analysis
470,69823,2020-08-22T13:35:26.435Z,2020-08-22T14:05:26.435Z,2020-08-22 14:05:26.441991,Error uploading data,analysis
471,69823,2020-08-22T14:05:26.547Z,2020-08-22T14:35:26.547Z,2020-08-22 14:35:26.553482,Error uploading data,analysis
472,69823,2020-08-22T14:35:26.629Z,2020-08-22T15:05:26.629Z,2020-08-22 15:05:26.635885,Error uploading data,analysis
473,69823,2020-08-22T15:05:26.710Z,2020-08-22T15:35:26.710Z,2020-08-22 15:35:26.716283,Error uploading data,analysis
474,69823,2020-08-22T15:35:26.811Z,2020-08-22T16:05:26.811Z,2020-08-22 16:05:26.819503,Error uploading data,analysis
475,69823,2020-08-22T16:05:26.901Z,2020-08-22T16:35:26.901Z,2020-08-22 16:35:26.908618,Error uploading data,analysis
476,69823,2020-08-22T16:35:27.008Z,2020-08-22T17:05:27.008Z,2020-08-22 17:05:27.017226,Error uploading data,analysis
477,69823,2020-08-22T17:05:27.101Z,2020-08-22T17:35:27.101Z,2020-08-22 17:35:27.110019,Error uploading data,analysis
478,69823,2020-08-22T17:35:27.215Z,2020-08-22T18:05:27.215Z,2020-08-22 18:05:27.223990,Error uploading data,analysis
479,69823,2020-08-22T18:05:27.308Z,2020-08-22T18:35:27.308Z,2020-08-22 18:35:27.316290,Error uploading data,analysis
480,69823,2020-08-22T18:35:27.404Z,2020-08-22T19:05:27.404Z,2020-08-22 19:05:27.411295,Error uploading data,analysis
481,69823,2020-08-22T19:05:27.520Z,2020-08-22T19:35:27.520Z,2020-08-22 19:35:27.527710,Error uploading data,analysis
482,69823,2020-08-22T19:35:27.623Z,2020-08-22T20:05:27.623Z,2020-08-22 20:05:27.630573,Error uploading data,analysis
483,69823,2020-08-22T20:05:27.718Z,2020-08-22T20:35:27.718Z,2020-08-22 20:35:27.725105,Error uploading data,analysis
484,69823,2020-08-22T20:35:27.772Z,2020-08-22T21:05:27.772Z,2020-08-22 21:05:27.781443,Error uploading data,analysis
485,69823,2020-08-22T21:05:27.865Z,2020-08-22T21:35:27.865Z,2020-08-22 21:35:27.872836,Error uploading data,analysis
486,69823,2020-08-22T21:35:27.919Z,2020-08-22T22:05:27.919Z,2020-08-22 22:05:27.928717,Error uploading data,analysis
487,69823,2020-08-22T22:05:28.019Z,2020-08-22T22:35:28.019Z,2020-08-22 22:35:28.025969,Error uploading data,analysis
488,69823,2020-08-22T22:35:28.137Z,2020-08-22T23:05:28.137Z,2020-08-22 23:05:28.146918,Error uploading data,analysis
489,69823,2020-08-22T23:05:28.242Z,2020-08-22T23:35:28.242Z,2020-08-22 23:35:28.250609,Error uploading data,analysis
490,69823,2020-08-22T23:35:28.343Z,2020-08-23T00:05:28.343Z,2020-08-23 00:05:28.350792,Error uploading data,analysis
491,69823,2020-08-23T00:05:28.456Z,2020-08-23T00:35:28.456Z,2020-08-23 00:35:28.464671,Error uploading data,analysis
492,69823,2020-08-23T00:35:28.517Z,2020-08-23T01:05:28.517Z,2020-08-23 01:05:28.525476,Error uploading data,analysis
493,69823,2020-08-23T01:05:28.634Z,2020-08-23T01:35:28.634Z,2020-08-23 01:35:28.641699,Error uploading data,analysis
494,69823,2020-08-23T01:35:28.740Z,2020-08-23T02:05:28.740Z,2020-08-23 02:05:28.747433,Error uploading data,analysis
495,69823,2020-08-23T02:05:28.860Z,2020-08-23T02:35:28.860Z,2020-08-23 02:35:28.868457,Error uploading data,analysis
496,69823,2020-08-23T02:35:28.977Z,2020-08-23T03:05:28.977Z,2020-08-23 03:05:28.985253,Error uploading data,analysis
497,69823,2020-08-23T03:05:29.061Z,2020-08-23T03:35:29.061Z,2020-08-23 03:35:29.068165,Error uploading data,analysis
498,69823,2020-08-23T03:35:29.178Z,2020-08-23T04:05:29.178Z,2020-08-23 04:05:29.186564,Error uploading data,analysis
499,69823,2020-08-23T04:05:29.297Z,2020-08-23T04:35:29.297Z,2020-08-23 04:35:29.306289,Error uploading data,analysis
500,69823,2020-08-23T04:35:29.418Z,2020-08-23T05:05:29.418Z,2020-08-23 05:05:29.424629,Error uploading data,analysis
501,69823,2020-08-23T05:05:29.530Z,2020-08-23T05:35:29.530Z,2020-08-23 05:35:29.537781,Error uploading data,analysis
502,69823,2020-08-23T05:35:29.579Z,2020-08-23T06:05:29.579Z,2020-08-23 06:05:29.586575,Error uploading data,analysis
503,69823,2020-08-23T06:05:29.686Z,2020-08-23T06:35:29.686Z,2020-08-23 06:35:29.694211,Error uploading data,analysis
504,69823,2020-08-23T06:35:29.799Z,2020-08-23T07:05:29.799Z,2020-08-23 07:05:29.807365,Error uploading data,analysis
505,69823,2020-08-23T07:05:29.862Z,2020-08-23T07:35:29.862Z,2020-08-23 07:35:29.869249,Error uploading data,analysis
506,69823,2020-08-23T07:35:29.951Z,2020-08-23T08:05:29.951Z,2020-08-23 08:05:29.957656,Error uploading data,analysis
507,69823,2020-08-23T08:05:30.006Z,2020-08-23T08:35:30.006Z,2020-08-23 08:35:30.013402,Error uploading data,analysis
508,69823,2020-08-23T08:35:30.092Z,2020-08-23T09:05:30.092Z,2020-08-23 09:05:30.099623,Error uploading data,analysis
509,69823,2020-08-23T09:05:30.200Z,2020-08-23T09:35:30.200Z,2020-08-23 09:35:30.207576,Error uploading data,analysis
510,69823,2020-08-23T09:35:30.311Z,2020-08-23T10:05:30.311Z,2020-08-23 10:05:30.318436,Error uploading data,analysis
511,69823,2020-08-23T10:05:30.352Z,2020-08-23T10:35:30.352Z,2020-08-23 10:35:30.359587,Error uploading data,analysis
512,69823,2020-08-23T10:35:30.449Z,2020-08-23T11:05:30.449Z,2020-08-23 11:05:30.456305,Error uploading data,analysis
513,69823,2020-08-23T11:05:30.510Z,2020-08-23T11:35:30.510Z,2020-08-23 11:35:30.517974,Error uploading data,analysis
514,69823,2020-08-23T11:35:30.560Z,2020-08-23T12:05:30.560Z,2020-08-23 12:05:30.567650,Error uploading data,analysis
515,69823,2020-08-23T12:05:30.586Z,2020-08-23T12:35:30.586Z,2020-08-23 12:35:30.595135,Error uploading data,analysis
516,69823,2020-08-23T12:35:30.666Z,2020-08-23T13:05:30.666Z,2020-08-23 13:05:30.673531,Error uploading data,analysis
517,69823,2020-08-23T13:05:30.787Z,2020-08-23T13:35:30.787Z,2020-08-23 13:35:30.795746,Error uploading data,analysis
518,69823,2020-08-23T13:35:30.885Z,2020-08-23T14:05:30.885Z,2020-08-23 14:05:30.892594,Error uploading data,analysis
519,69823,2020-08-23T14:05:30.974Z,2020-08-23T14:35:30.974Z,2020-08-23 14:35:30.983102,Error uploading data,analysis
520,69823,2020-08-23T14:35:31.094Z,2020-08-23T15:05:31.094Z,2020-08-23 15:05:31.102042,Error uploading data,analysis
521,69823,2020-08-23T15:05:31.130Z,2020-08-23T15:35:31.130Z,2020-08-23 15:35:31.137296,Error uploading data,analysis
522,69823,2020-08-23T15:35:31.191Z,2020-08-23T16:05:31.191Z,2020-08-23 16:05:31.200634,Error uploading data,analysis
523,69823,2020-08-23T16:05:31.310Z,2020-08-23T16:35:31.310Z,2020-08-23 16:35:31.317372,Error uploading data,analysis
524,69823,2020-08-23T16:35:31.410Z,2020-08-23T17:05:31.410Z,2020-08-23 17:05:31.419854,Error uploading data,analysis
525,69823,2020-08-23T17:05:31.510Z,2020-08-23T17:35:31.510Z,2020-08-23 17:35:31.519207,Error uploading data,analysis
526,69823,2020-08-23T17:35:31.631Z,2020-08-23T18:05:31.631Z,2020-08-23 18:05:31.639511,Error uploading data,analysis
527,69823,2020-08-23T18:05:31.653Z,2020-08-23T18:35:31.653Z,2020-08-23 18:35:31.659637,Error uploading data,analysis
528,69823,2020-08-23T18:35:31.760Z,2020-08-23T19:05:31.760Z,2020-08-23 19:05:31.767425,Error uploading data,analysis
529,69823,2020-08-23T19:05:31.860Z,2020-08-23T19:35:31.860Z,2020-08-23 19:35:31.868112,Error uploading data,analysis
530,69823,2020-08-23T19:35:31.948Z,2020-08-23T20:05:31.948Z,2020-08-23 20:05:31.955774,Error uploading data,analysis
531,69823,2020-08-23T20:05:32.060Z,2020-08-23T20:35:32.060Z,2020-08-23 20:35:32.070590,Error uploading data,analysis
532,69823,2020-08-23T20:35:32.129Z,2020-08-23T21:05:32.129Z,2020-08-23 21:05:32.138740,Error uploading data,analysis
533,69823,2020-08-23T21:05:32.215Z,2020-08-23T21:35:32.215Z,2020-08-23 21:35:32.221962,Error uploading data,analysis
534,69823,2020-08-23T21:35:32.331Z,2020-08-23T22:05:32.331Z,2020-08-23 22:05:32.339891,Error uploading data,analysis
535,69823,2020-08-23T22:05:32.443Z,2020-08-23T22:35:32.443Z,2020-08-23 22:35:32.450638,Error uploading data,analysis
536,69823,2020-08-23T22:35:32.538Z,2020-08-23T23:05:32.538Z,2020-08-23 23:05:32.545887,Error uploading data,analysis
537,69823,2020-08-23T23:05:32.633Z,2020-08-23T23:35:32.633Z,2020-08-23 23:35:32.641053,Error uploading data,analysis
538,69823,2020-08-23T23:35:32.734Z,2020-08-24T00:05:32.734Z,2020-08-24 00:05:32.744728,Error uploading data,analysis
539,69823,2020-08-24T00:05:32.849Z,2020-08-24T00:35:32.849Z,2020-08-24 00:35:32.856560,Error uploading data,analysis
540,69823,2020-08-24T00:35:32.966Z,2020-08-24T01:05:32.966Z,2020-08-24 01:05:32.975078,Error uploading data,analysis
541,69823,2020-08-24T01:05:33.076Z,2020-08-24T01:35:33.076Z,2020-08-24 01:35:33.082923,Error uploading data,analysis
542,69823,2020-08-24T01:35:33.158Z,2020-08-24T02:05:33.158Z,2020-08-24 02:05:33.166295,Error uploading data,analysis
543,69823,2020-08-24T02:05:33.249Z,2020-08-24T02:35:33.249Z,2020-08-24 02:35:33.257775,Error uploading data,analysis
544,69823,2020-08-24T02:35:33.323Z,2020-08-24T03:05:33.323Z,2020-08-24 03:05:33.330782,Error uploading data,analysis
545,69823,2020-08-24T03:05:33.369Z,2020-08-24T03:35:33.369Z,2020-08-24 03:35:33.378617,Error uploading data,analysis
546,69823,2020-08-24T03:35:33.479Z,2020-08-24T04:05:33.479Z,2020-08-24 04:05:33.487549,Error uploading data,analysis
547,69823,2020-08-24T04:05:33.598Z,2020-08-24T04:35:33.598Z,2020-08-24 04:35:33.606146,Error uploading data,analysis
548,69823,2020-08-24T04:35:33.648Z,2020-08-24T05:05:33.648Z,2020-08-24 05:05:33.655931,Error uploading data,analysis
549,69823,2020-08-24T05:05:33.715Z,2020-08-24T05:35:33.715Z,2020-08-24 05:35:33.722134,Error uploading data,analysis
550,69823,2020-08-24T05:35:33.827Z,2020-08-24T06:05:33.827Z,2020-08-24 06:05:33.834120,Error uploading data,analysis
551,69823,2020-08-24T06:05:33.910Z,2020-08-24T06:35:33.910Z,2020-08-24 06:35:33.919240,Error uploading data,analysis
552,69823,2020-08-24T06:35:34.019Z,2020-08-24T07:05:34.019Z,2020-08-24 07:05:34.026482,Error uploading data,analysis
553,69823,2020-08-24T07:05:34.060Z,2020-08-24T07:35:34.060Z,2020-08-24 07:35:34.066325,Error uploading data,analysis
554,69823,2020-08-24T07:35:34.163Z,2020-08-24T08:05:34.163Z,2020-08-24 08:05:34.171112,Error uploading data,analysis
555,69823,2020-08-24T08:05:34.259Z,2020-08-24T08:35:34.259Z,2020-08-24 08:35:34.266618,Error uploading data,analysis
556,69823,2020-08-24T08:35:34.361Z,2020-08-24T09:05:34.361Z,2020-08-24 09:05:34.369783,Error uploading data,analysis
557,69823,2020-08-24T09:05:34.463Z,2020-08-24T09:35:34.463Z,2020-08-24 09:35:34.470409,Error uploading data,analysis
558,69823,2020-08-24T09:35:34.511Z,2020-08-24T10:05:34.511Z,2020-08-24 10:05:34.518658,Error uploading data,analysis
559,69823,2020-08-24T10:05:34.617Z,2020-08-24T10:35:34.617Z,2020-08-24 10:35:34.625738,Error uploading data,analysis
560,69823,2020-08-24T10:35:34.709Z,2020-08-24T11:05:34.709Z,2020-08-24 11:05:34.717328,Error uploading data,analysis
561,69823,2020-08-24T11:05:34.787Z,2020-08-24T11:35:34.787Z,2020-08-24 11:35:34.794055,Error uploading data,analysis
562,69823,2020-08-24T11:35:34.858Z,2020-08-24T12:05:34.858Z,2020-08-24 12:05:34.866122,Error uploading data,analysis
563,69823,2020-08-24T12:05:34.974Z,2020-08-24T12:35:34.974Z,2020-08-24 12:35:34.982442,Error uploading data,analysis
564,69823,2020-08-24T12:35:35.031Z,2020-08-24T13:05:35.031Z,2020-08-24 13:05:35.038981,Error uploading data,analysis
565,69823,2020-08-24T13:05:35.091Z,2020-08-24T13:35:35.091Z,2020-08-24 13:35:35.098728,Error uploading data,analysis
566,69823,2020-08-24T13:35:35.204Z,2020-08-24T14:05:35.204Z,2020-08-24 14:05:35.213325,Error uploading data,analysis
567,69823,2020-08-24T14:05:35.318Z,2020-08-24T14:35:35.318Z,2020-08-24 14:35:35.325159,Error uploading data,analysis
568,69823,2020-08-24T14:35:35.435Z,2020-08-24T15:05:35.435Z,2020-08-24 15:05:35.444507,Error uploading data,analysis
569,69823,2020-08-24T15:05:35.528Z,2020-08-24T15:35:35.528Z,2020-08-24 15:35:35.536740,Error uploading data,analysis
570,69823,2020-08-24T15:35:35.647Z,2020-08-24T16:05:35.647Z,2020-08-24 16:05:35.654548,Error uploading data,analysis
571,69823,2020-08-24T16:05:35.769Z,2020-08-24T16:35:35.769Z,2020-08-24 16:35:35.776169,Error uploading data,analysis
572,69823,2020-08-24T16:35:35.874Z,2020-08-24T17:05:35.874Z,2020-08-24 17:05:35.883230,Error uploading data,analysis
573,69823,2020-08-24T17:05:35.959Z,2020-08-24T17:35:35.959Z,2020-08-24 17:35:35.966776,Error uploading data,analysis
574,69823,2020-08-24T17:35:36.063Z,2020-08-24T18:05:36.063Z,2020-08-24 18:05:36.071595,Error uploading data,analysis
575,69823,2020-08-24T18:05:36.183Z,2020-08-24T18:35:36.183Z,2020-08-24 18:35:36.191049,Error uploading data,analysis
576,69823,2020-08-24T18:35:36.251Z,2020-08-24T19:05:36.251Z,2020-08-24 19:05:36.259335,Error uploading data,analysis
577,69823,2020-08-24T19:05:36.331Z,2020-08-24T19:35:36.331Z,2020-08-24 19:35:36.338458,Error uploading data,analysis
578,69823,2020-08-24T19:35:36.397Z,2020-08-24T20:05:36.397Z,2020-08-24 20:05:36.406245,Error uploading data,analysis
579,69823,2020-08-24T20:05:36.513Z,2020-08-24T20:35:36.513Z,2020-08-24 20:35:36.520626,Error uploading data,analysis
580,69823,2020-08-24T20:35:36.577Z,2020-08-24T21:05:36.577Z,2020-08-24 21:05:36.584468,Error uploading data,analysis
581,69823,2020-08-24T21:05:36.608Z,2020-08-24T21:35:36.608Z,2020-08-24 21:35:36.615100,Error uploading data,analysis
582,69823,2020-08-24T21:35:36.719Z,2020-08-24T22:05:36.719Z,2020-08-24 22:05:36.726518,Error uploading data,analysis
583,69823,2020-08-24T22:05:36.811Z,2020-08-24T22:35:36.811Z,2020-08-24 22:35:36.818525,Error uploading data,analysis
584,69823,2020-08-24T22:35:36.854Z,2020-08-24T23:05:36.854Z,2020-08-24 23:05:36.868713,Error uploading data,analysis
585,69823,2020-08-24T23:05:36.947Z,2020-08-24T23:35:36.947Z,2020-08-24 23:35:36.958804,Error uploading data,analysis
586,69823,2020-08-24T23:35:37.040Z,2020-08-25T00:05:37.040Z,2020-08-25 00:05:37.050186,Error uploading data,analysis
587,69823,2020-08-25T00:05:37.147Z,2020-08-25T00:35:37.147Z,2020-08-25 00:35:37.154558,Error uploading data,analysis
588,69823,2020-08-25T00:35:37.248Z,2020-08-25T01:05:37.248Z,2020-08-25 01:05:37.256570,Error uploading data,analysis
589,69823,2020-08-25T01:05:37.355Z,2020-08-25T01:35:37.355Z,2020-08-25 01:35:37.362024,Error uploading data,analysis
590,69823,2020-08-25T01:35:37.411Z,2020-08-25T02:05:37.411Z,2020-08-25 02:05:37.418692,Error uploading data,analysis
591,69823,2020-08-25T02:05:37.526Z,2020-08-25T02:35:37.526Z,2020-08-25 02:35:37.533560,Error uploading data,analysis
592,69823,2020-08-25T02:35:37.632Z,2020-08-25T03:05:37.632Z,2020-08-25 03:05:37.640811,Error uploading data,analysis
593,69823,2020-08-25T03:05:37.744Z,2020-08-25T03:35:37.744Z,2020-08-25 03:35:37.751262,Error uploading data,analysis
594,69823,2020-08-25T03:35:37.861Z,2020-08-25T04:05:37.861Z,2020-08-25 04:05:37.869172,Error uploading data,analysis
595,69823,2020-08-25T04:05:37.953Z,2020-08-25T04:35:37.953Z,2020-08-25 04:35:37.961394,Error uploading data,analysis
596,69823,2020-08-25T04:35:38.011Z,2020-08-25T05:05:38.011Z,2020-08-25 05:05:38.021533,Error uploading data,analysis
597,69823,2020-08-25T05:05:38.058Z,2020-08-25T05:35:38.058Z,2020-08-25 05:35:38.066463,Error uploading data,analysis
598,69823,2020-08-25T05:35:38.172Z,2020-08-25T06:05:38.172Z,2020-08-25 06:05:38.180704,Error uploading data,analysis
599,69823,2020-08-25T06:05:38.280Z,2020-08-25T06:35:38.280Z,2020-08-25 06:35:38.288036,Error uploading data,analysis
600,69823,2020-08-25T06:35:38.398Z,2020-08-25T07:05:38.398Z,2020-08-25 07:05:38.405587,Error uploading data,analysis
601,69823,2020-08-25T07:05:38.509Z,2020-08-25T07:35:38.509Z,2020-08-25 07:35:38.517928,Error uploading data,analysis
602,69823,2020-08-25T07:35:38.630Z,2020-08-25T08:05:38.630Z,2020-08-25 08:05:38.637314,Error uploading data,analysis
603,69823,2020-08-25T08:05:38.750Z,2020-08-25T08:35:38.750Z,2020-08-25 08:35:38.757707,Error uploading data,analysis
604,69823,2020-08-25T08:35:38.832Z,2020-08-25T09:05:38.832Z,2020-08-25 09:05:38.843647,Error uploading data,analysis
605,69823,2020-08-25T09:05:38.948Z,2020-08-25T09:35:38.948Z,2020-08-25 09:35:38.956386,Error uploading data,analysis
606,69823,2020-08-25T09:35:39.053Z,2020-08-25T10:05:39.053Z,2020-08-25 10:05:39.059771,Error uploading data,analysis
607,69823,2020-08-25T10:05:39.149Z,2020-08-25T10:35:39.149Z,2020-08-25 10:35:39.156374,Error uploading data,analysis
608,69823,2020-08-25T10:35:39.242Z,2020-08-25T11:05:39.242Z,2020-08-25 11:05:39.250026,Error uploading data,analysis
609,69823,2020-08-25T11:05:39.363Z,2020-08-25T11:35:39.363Z,2020-08-25 11:35:39.370048,Error uploading data,analysis
610,69823,2020-08-25T11:35:39.419Z,2020-08-25T12:05:39.419Z,2020-08-25 12:05:39.427359,Error uploading data,analysis
611,69823,2020-08-25T12:05:39.510Z,2020-08-25T12:35:39.510Z,2020-08-25 12:35:39.517331,Error uploading data,analysis
612,69823,2020-08-25T12:35:39.606Z,2020-08-25T13:05:39.606Z,2020-08-25 13:05:39.613947,Error uploading data,analysis
613,69823,2020-08-25T13:05:39.718Z,2020-08-25T13:35:39.718Z,2020-08-25 13:35:39.726086,Error uploading data,analysis
614,69823,2020-08-25T13:35:39.826Z,2020-08-25T14:05:39.826Z,2020-08-25 14:05:39.833850,Error uploading data,analysis
615,69823,2020-08-25T14:05:39.930Z,2020-08-25T14:35:39.930Z,2020-08-25 14:35:39.937436,Error uploading data,analysis
616,69823,2020-08-25T14:35:40.039Z,2020-08-25T15:05:40.039Z,2020-08-25 15:05:40.047494,Error uploading data,analysis
617,69823,2020-08-25T15:05:40.090Z,2020-08-25T15:35:40.090Z,2020-08-25 15:35:40.097074,Error uploading data,analysis
618,69823,2020-08-25T15:35:40.143Z,2020-08-25T16:05:40.143Z,2020-08-25 16:05:40.150919,Error uploading data,analysis
619,69823,2020-08-25T16:05:40.226Z,2020-08-25T16:35:40.226Z,2020-08-25 16:35:40.233864,Error uploading data,analysis
620,69823,2020-08-25T16:35:40.343Z,2020-08-25T17:05:40.343Z,2020-08-25 17:05:40.352963,Error uploading data,analysis
621,69823,2020-08-25T17:05:40.389Z,2020-08-25T17:35:40.389Z,2020-08-25 17:35:40.396455,Error uploading data,analysis
622,69823,2020-08-25T17:35:40.492Z,2020-08-25T18:05:40.492Z,2020-08-25 18:05:40.500302,Error uploading data,analysis
623,69823,2020-08-25T18:05:40.587Z,2020-08-25T18:35:40.587Z,2020-08-25 18:35:40.594961,Error uploading data,analysis
624,69823,2020-08-25T18:35:40.653Z,2020-08-25T19:05:40.653Z,2020-08-25 19:05:40.664312,Error uploading data,analysis
625,69823,2020-08-25T19:05:40.772Z,2020-08-25T19:35:40.772Z,2020-08-25 19:35:40.780721,Error uploading data,analysis
626,69823,2020-08-25T19:35:40.885Z,2020-08-25T20:05:40.885Z,2020-08-25 20:05:40.892181,Error uploading data,analysis
627,69823,2020-08-25T20:05:40.973Z,2020-08-25T20:35:40.973Z,2020-08-25 20:35:40.981560,Error uploading data,analysis
628,69823,2020-08-25T20:35:41.047Z,2020-08-25T21:05:41.047Z,2020-08-25 21:05:41.055769,Error uploading data,analysis
629,69823,2020-08-25T21:05:41.133Z,2020-08-25T21:35:41.133Z,2020-08-25 21:35:41.141315,Error uploading data,analysis
630,69823,2020-08-25T21:35:41.214Z,2020-08-25T22:05:41.214Z,2020-08-25 22:05:41.222142,Error uploading data,analysis
631,69823,2020-08-25T22:05:41.333Z,2020-08-25T22:35:41.333Z,2020-08-25 22:35:41.340020,Error uploading data,analysis
632,69823,2020-08-25T22:35:41.440Z,2020-08-25T23:05:41.440Z,2020-08-25 23:05:41.448668,Error uploading data,analysis
633,69823,2020-08-25T23:05:41.511Z,2020-08-25T23:35:41.511Z,2020-08-25 23:35:41.519403,Error uploading data,analysis
634,69823,2020-08-25T23:35:41.590Z,2020-08-26T00:05:41.590Z,2020-08-26 00:05:41.598934,Error uploading data,analysis
635,69823,2020-08-26T00:05:41.704Z,2020-08-26T00:35:41.704Z,2020-08-26 00:35:41.711825,Error uploading data,analysis
636,69823,2020-08-26T00:35:41.814Z,2020-08-26T01:05:41.814Z,2020-08-26 01:05:41.822093,Error uploading data,analysis
637,69823,2020-08-26T01:05:41.934Z,2020-08-26T01:35:41.934Z,2020-08-26 01:35:41.942065,Error uploading data,analysis
638,69823,2020-08-26T01:35:42.046Z,2020-08-26T02:05:42.046Z,2020-08-26 02:05:42.054387,Error uploading data,analysis
639,69823,2020-08-26T02:05:42.124Z,2020-08-26T02:35:42.124Z,2020-08-26 02:35:42.131760,Error uploading data,analysis
640,69823,2020-08-26T02:35:42.150Z,2020-08-26T03:05:42.150Z,2020-08-26 03:05:42.158042,Error uploading data,analysis
641,69823,2020-08-26T03:05:42.220Z,2020-08-26T03:35:42.220Z,2020-08-26 03:35:42.230292,Error uploading data,analysis
642,69823,2020-08-26T03:35:42.312Z,2020-08-26T04:05:42.312Z,2020-08-26 04:05:42.320071,Error uploading data,analysis
643,69823,2020-08-26T04:05:42.362Z,2020-08-26T04:35:42.362Z,2020-08-26 04:35:42.370333,Error uploading data,analysis
644,69823,2020-08-26T04:35:42.473Z,2020-08-26T05:05:42.473Z,2020-08-26 05:05:42.481820,Error uploading data,analysis
645,69823,2020-08-26T05:05:42.592Z,2020-08-26T05:35:42.592Z,2020-08-26 05:35:42.600577,Error uploading data,analysis
646,69823,2020-08-26T05:35:42.675Z,2020-08-26T06:05:42.675Z,2020-08-26 06:05:42.682538,Error uploading data,analysis
647,69823,2020-08-26T06:05:42.790Z,2020-08-26T06:35:42.790Z,2020-08-26 06:35:42.799081,Error uploading data,analysis
648,69823,2020-08-26T06:35:42.839Z,2020-08-26T07:05:42.839Z,2020-08-26 07:05:42.847035,Error uploading data,analysis
649,69823,2020-08-26T07:05:42.941Z,2020-08-26T07:35:42.941Z,2020-08-26 07:35:42.949826,Error uploading data,analysis
650,69823,2020-08-26T07:35:43.048Z,2020-08-26T08:05:43.048Z,2020-08-26 08:05:43.058317,Error uploading data,analysis
651,69823,2020-08-26T08:05:43.123Z,2020-08-26T08:35:43.123Z,2020-08-26 08:35:43.129786,Error uploading data,analysis
652,69823,2020-08-26T08:35:43.240Z,2020-08-26T09:05:43.240Z,2020-08-26 09:05:43.248073,Error uploading data,analysis
653,69823,2020-08-26T09:05:43.355Z,2020-08-26T09:35:43.355Z,2020-08-26 09:35:43.362870,Error uploading data,analysis
654,69823,2020-08-26T09:35:43.461Z,2020-08-26T10:05:43.461Z,2020-08-26 10:05:43.469542,Error uploading data,analysis
655,69823,2020-08-26T10:05:43.554Z,2020-08-26T10:35:43.554Z,2020-08-26 10:35:43.562468,Error uploading data,analysis
656,69823,2020-08-26T10:35:43.659Z,2020-08-26T11:05:43.659Z,2020-08-26 11:05:43.666642,Error uploading data,analysis
657,69823,2020-08-26T11:05:43.764Z,2020-08-26T11:35:43.764Z,2020-08-26 11:35:43.772089,Error uploading data,analysis
658,69823,2020-08-26T11:35:43.864Z,2020-08-26T12:05:43.864Z,2020-08-26 12:05:43.873508,Error uploading data,analysis
659,69823,2020-08-26T12:05:43.958Z,2020-08-26T12:35:43.958Z,2020-08-26 12:35:43.965471,Error uploading data,analysis
660,69823,2020-08-26T12:35:44.055Z,2020-08-26T13:05:44.055Z,2020-08-26 13:05:44.063124,Error uploading data,analysis
661,69823,2020-08-26T13:05:44.130Z,2020-08-26T13:35:44.130Z,2020-08-26 13:35:44.137825,Error uploading data,analysis
662,69823,2020-08-26T13:35:44.229Z,2020-08-26T14:05:44.229Z,2020-08-26 14:05:44.237643,Error uploading data,analysis
663,69823,2020-08-26T14:05:44.339Z,2020-08-26T14:35:44.339Z,2020-08-26 14:35:44.346795,Error uploading data,analysis
664,69823,2020-08-26T14:35:44.459Z,2020-08-26T15:05:44.459Z,2020-08-26 15:05:44.467311,Error uploading data,analysis
665,69823,2020-08-26T15:05:44.579Z,2020-08-26T15:35:44.579Z,2020-08-26 15:35:44.586393,Error uploading data,analysis
666,69823,2020-08-26T15:35:44.664Z,2020-08-26T16:05:44.664Z,2020-08-26 16:05:44.672136,Error uploading data,analysis
667,69823,2020-08-26T16:05:44.794Z,2020-08-26T16:35:44.794Z,2020-08-26 16:35:44.802343,Error uploading data,analysis
668,69823,2020-08-26T16:35:44.844Z,2020-08-26T17:05:44.844Z,2020-08-26 17:05:44.851091,Error uploading data,analysis
669,69823,2020-08-26T17:05:44.940Z,2020-08-26T17:35:44.940Z,2020-08-26 17:35:44.948352,Error uploading data,analysis
670,69823,2020-08-26T17:35:45.051Z,2020-08-26T18:05:45.051Z,2020-08-26 18:05:45.061112,Error uploading data,analysis
671,69823,2020-08-26T18:05:45.122Z,2020-08-26T18:35:45.122Z,2020-08-26 18:35:45.129372,Error uploading data,analysis
672,69823,2020-08-26T18:35:45.229Z,2020-08-26T19:05:45.229Z,2020-08-26 19:05:45.237330,Error uploading data,analysis
673,69823,2020-08-26T19:05:45.349Z,2020-08-26T19:35:45.349Z,2020-08-26 19:35:45.358105,Error uploading data,analysis
674,69823,2020-08-26T19:35:45.430Z,2020-08-26T20:05:45.430Z,2020-08-26 20:05:45.438804,Error uploading data,analysis
675,69823,2020-08-26T20:05:45.511Z,2020-08-26T20:35:45.511Z,2020-08-26 20:35:45.520365,Error uploading data,analysis
676,69823,2020-08-26T20:35:45.620Z,2020-08-26T21:05:45.620Z,2020-08-26 21:05:45.629341,Error uploading data,analysis
677,69823,2020-08-26T21:05:45.674Z,2020-08-26T21:35:45.674Z,2020-08-26 21:35:45.682150,Error uploading data,analysis
678,69823,2020-08-26T21:35:45.769Z,2020-08-26T22:05:45.769Z,2020-08-26 22:05:45.777579,Error uploading data,analysis
679,69823,2020-08-26T22:05:45.818Z,2020-08-26T22:35:45.818Z,2020-08-26 22:35:45.826384,Error uploading data,analysis
680,69823,2020-08-26T22:35:45.850Z,2020-08-26T23:05:45.850Z,2020-08-26 23:05:45.859634,Error uploading data,analysis
681,69823,2020-08-26T23:05:45.949Z,2020-08-26T23:35:45.949Z,2020-08-26 23:35:45.957416,Error uploading data,analysis
682,69823,2020-08-26T23:35:46.052Z,2020-08-27T00:05:46.052Z,2020-08-27 00:05:46.059523,Error uploading data,analysis
683,69823,2020-08-27T00:05:46.161Z,2020-08-27T00:35:46.161Z,2020-08-27 00:35:46.169107,Error uploading data,analysis
684,69823,2020-08-27T00:35:46.212Z,2020-08-27T01:05:46.212Z,2020-08-27 01:05:46.221946,Error uploading data,analysis
685,69823,2020-08-27T01:05:46.308Z,2020-08-27T01:35:46.308Z,2020-08-27 01:35:46.316781,Error uploading data,analysis
686,69823,2020-08-27T01:35:46.419Z,2020-08-27T02:05:46.419Z,2020-08-27 02:05:46.426752,Error uploading data,analysis
687,69823,2020-08-27T02:05:46.532Z,2020-08-27T02:35:46.532Z,2020-08-27 02:35:46.539509,Error uploading data,analysis
688,69823,2020-08-27T02:35:46.610Z,2020-08-27T03:05:46.610Z,2020-08-27 03:05:46.618441,Error uploading data,analysis
689,69823,2020-08-27T03:05:47.019Z,2020-08-27T03:35:47.019Z,2020-08-27 03:35:47.414357,Error uploading data,analysis
690,69823,2020-08-27T03:35:47.727Z,2020-08-27T04:05:47.727Z,2020-08-27 04:05:47.782063,Error uploading data,analysis
691,69823,2020-08-27T04:05:47.897Z,2020-08-27T04:35:47.897Z,2020-08-27 04:35:47.905438,Error uploading data,analysis
692,69823,2020-08-27T04:35:47.979Z,2020-08-27T05:05:47.979Z,2020-08-27 05:05:47.987362,Error uploading data,analysis
693,69823,2020-08-27T05:05:48.079Z,2020-08-27T05:35:48.079Z,2020-08-27 05:35:48.088751,Error uploading data,analysis
694,69823,2020-08-27T05:35:48.199Z,2020-08-27T06:05:48.199Z,2020-08-27 06:05:48.208022,Error uploading data,analysis
695,69823,2020-08-27T06:05:48.293Z,2020-08-27T06:35:48.293Z,2020-08-27 06:35:48.301071,Error uploading data,analysis
696,69823,2020-08-27T06:35:48.416Z,2020-08-27T07:05:48.416Z,2020-08-27 07:05:48.561150,Error uploading data,analysis
697,69823,2020-08-27T07:05:48.743Z,2020-08-27T07:35:48.743Z,2020-08-27 07:35:48.750717,Error uploading data,analysis
698,69823,2020-08-27T07:35:48.848Z,2020-08-27T08:05:48.848Z,2020-08-27 08:05:49.132836,Error uploading data,analysis
699,69823,2020-08-27T08:05:49.263Z,2020-08-27T08:35:49.263Z,2020-08-27 08:35:49.271352,Error uploading data,analysis
700,69823,2020-08-27T08:35:49.763Z,2020-08-27T09:05:49.763Z,2020-08-27 09:05:50.216647,Error uploading data,analysis
701,69823,2020-08-27T09:05:50.769Z,2020-08-27T09:35:50.769Z,2020-08-27 09:35:51.329591,Error uploading data,analysis
702,69823,2020-08-27T09:35:51.992Z,2020-08-27T10:05:51.992Z,2020-08-27 10:05:52.490948,Error uploading data,analysis
703,69823,2020-08-27T10:05:53.105Z,2020-08-27T10:35:53.105Z,2020-08-27 10:35:53.694324,Processing,analysis
704,69823,2020-07-13T12:45:00.000Z,2020-07-13T14:01:00.000Z,2020-09-01 07:33:52.638216,Processing,analysis
705,69823,2020-09-01T07:19:41.138Z,2020-09-01T07:49:41.138Z,2020-09-01 07:49:41.169514,Error uploading data,analysis
706,69823,2020-09-01T07:49:41.285Z,2020-09-01T08:19:41.285Z,2020-09-01 08:19:41.304182,Error uploading data,analysis
707,69823,2020-09-01T08:19:41.401Z,2020-09-01T08:49:41.401Z,2020-09-01 08:49:41.409936,Error uploading data,analysis
708,69823,2020-09-01T08:49:41.517Z,2020-09-01T09:19:41.517Z,2020-09-01 09:19:41.533977,Error uploading data,analysis
709,69823,2020-09-01T11:13:11.693Z,2020-09-01T11:43:11.693Z,2020-09-01 11:43:11.746402,Error uploading data,analysis
710,69823,2020-09-01T11:43:11.845Z,2020-09-01T12:13:11.845Z,2020-09-01 12:13:11.862794,Error uploading data,analysis
711,69823,2020-09-01T12:13:11.928Z,2020-09-01T12:43:11.928Z,2020-09-01 12:43:11.949138,Error uploading data,analysis
712,69823,2020-09-01T12:43:12.059Z,2020-09-01T13:13:12.059Z,2020-09-01 13:13:12.068774,Error uploading data,analysis
713,69823,2020-09-01T13:13:12.173Z,2020-09-01T13:43:12.173Z,2020-09-01 13:43:12.181575,Error uploading data,analysis
714,69823,2020-09-01T13:43:12.291Z,2020-09-01T14:13:12.291Z,2020-09-01 14:13:12.307314,Error uploading data,analysis
715,69823,2020-09-01T14:13:12.370Z,2020-09-01T14:43:12.370Z,2020-09-01 14:43:12.378288,Error uploading data,analysis
716,69823,2020-09-01T14:43:12.462Z,2020-09-01T15:13:12.462Z,2020-09-01 15:13:12.471825,Error uploading data,analysis
717,69823,2020-09-01T15:13:12.577Z,2020-09-01T15:43:12.577Z,2020-09-01 15:43:12.585097,Error uploading data,analysis
718,69823,2020-09-01T15:43:12.654Z,2020-09-01T16:13:12.654Z,2020-09-01 16:13:12.664405,Error uploading data,analysis
719,69823,2020-09-01T16:13:12.765Z,2020-09-01T16:43:12.765Z,2020-09-01 16:43:12.772736,Error uploading data,analysis
720,69823,2020-09-01T16:43:12.882Z,2020-09-01T17:13:12.882Z,2020-09-01 17:13:12.891080,Error uploading data,analysis
721,69823,2020-09-01T17:13:13.004Z,2020-09-01T17:43:13.004Z,2020-09-01 17:43:13.012537,Error uploading data,analysis
722,69823,2020-09-01T17:43:13.032Z,2020-09-01T18:13:13.032Z,2020-09-01 18:13:13.039856,Error uploading data,analysis
723,69823,2020-09-01T18:13:13.136Z,2020-09-01T18:43:13.136Z,2020-09-01 18:43:13.145928,Error uploading data,analysis
724,69823,2020-09-01T18:43:13.252Z,2020-09-01T19:13:13.252Z,2020-09-01 19:13:13.260472,Error uploading data,analysis
725,69823,2020-09-01T19:13:13.365Z,2020-09-01T19:43:13.365Z,2020-09-01 19:43:13.373577,Error uploading data,analysis
726,69823,2020-09-01T19:43:13.451Z,2020-09-01T20:13:13.451Z,2020-09-01 20:13:13.459768,Error uploading data,analysis
727,69823,2020-09-01T20:13:13.570Z,2020-09-01T20:43:13.570Z,2020-09-01 20:43:13.577962,Error uploading data,analysis
728,69823,2020-09-01T20:43:13.657Z,2020-09-01T21:13:13.657Z,2020-09-01 21:13:13.666225,Error uploading data,analysis
729,69823,2020-09-01T21:13:13.768Z,2020-09-01T21:43:13.768Z,2020-09-01 21:43:13.777649,Error uploading data,analysis
730,69823,2020-09-01T21:43:13.826Z,2020-09-01T22:13:13.826Z,2020-09-01 22:13:13.835662,Error uploading data,analysis
731,69823,2020-09-01T22:13:13.919Z,2020-09-01T22:43:13.919Z,2020-09-01 22:43:13.928491,Error uploading data,analysis
732,69823,2020-09-01T22:43:13.968Z,2020-09-01T23:13:13.968Z,2020-09-01 23:13:13.978619,Error uploading data,analysis
733,69823,2020-09-01T23:13:14.069Z,2020-09-01T23:43:14.069Z,2020-09-01 23:43:14.078763,Error uploading data,analysis
734,69823,2020-09-01T23:43:14.172Z,2020-09-02T00:13:14.172Z,2020-09-02 00:13:14.181857,Error uploading data,analysis
735,69823,2020-09-02T00:13:14.215Z,2020-09-02T00:43:14.215Z,2020-09-02 00:43:14.224870,Error uploading data,analysis
736,69823,2020-09-02T00:43:14.320Z,2020-09-02T01:13:14.320Z,2020-09-02 01:13:14.330026,Error uploading data,analysis
737,69823,2020-09-02T01:13:14.443Z,2020-09-02T01:43:14.443Z,2020-09-02 01:43:14.452043,Error uploading data,analysis
738,69823,2020-09-02T01:43:14.541Z,2020-09-02T02:13:14.541Z,2020-09-02 02:13:14.549438,Error uploading data,analysis
739,69823,2020-09-02T02:13:14.660Z,2020-09-02T02:43:14.660Z,2020-09-02 02:43:14.668153,Error uploading data,analysis
740,69823,2020-09-02T02:43:14.781Z,2020-09-02T03:13:14.781Z,2020-09-02 03:13:14.790211,Error uploading data,analysis
741,69823,2020-09-02T03:13:14.851Z,2020-09-02T03:43:14.851Z,2020-09-02 03:43:14.860445,Error uploading data,analysis
742,69823,2020-09-02T03:43:14.892Z,2020-09-02T04:13:14.892Z,2020-09-02 04:13:14.900595,Error uploading data,analysis
743,69823,2020-09-02T04:13:15.009Z,2020-09-02T04:43:15.009Z,2020-09-02 04:43:15.017048,Error uploading data,analysis
744,69823,2020-09-02T04:43:15.123Z,2020-09-02T05:13:15.123Z,2020-09-02 05:13:15.133390,Error uploading data,analysis
745,69823,2020-09-02T05:13:15.213Z,2020-09-02T05:43:15.213Z,2020-09-02 05:43:15.220565,Error uploading data,analysis
746,69823,2020-09-02T05:43:15.295Z,2020-09-02T06:13:15.295Z,2020-09-02 06:13:15.303344,Error uploading data,analysis
747,69823,2020-09-02T06:13:15.412Z,2020-09-02T06:43:15.412Z,2020-09-02 06:43:15.419629,Error uploading data,analysis
748,69823,2020-09-02T06:43:15.519Z,2020-09-02T07:13:15.519Z,2020-09-02 07:13:15.527823,Error uploading data,analysis
749,69823,2020-09-02T07:13:15.637Z,2020-09-02T07:43:15.637Z,2020-09-02 07:43:15.645049,Error uploading data,analysis
750,69823,2020-09-02T07:43:15.742Z,2020-09-02T08:13:15.742Z,2020-09-02 08:13:15.752001,Error uploading data,analysis
751,69823,2020-09-02T08:13:15.857Z,2020-09-02T08:43:15.857Z,2020-09-02 08:43:15.864845,Error uploading data,analysis
752,69823,2020-09-02T08:43:15.948Z,2020-09-02T09:13:15.948Z,2020-09-02 09:13:15.957663,Error uploading data,analysis
753,69823,2020-09-02T09:13:16.043Z,2020-09-02T09:43:16.043Z,2020-09-02 09:43:16.051232,Error uploading data,analysis
754,69823,2020-09-02T09:43:16.120Z,2020-09-02T10:13:16.120Z,2020-09-02 10:13:16.128177,Error uploading data,analysis
755,69823,2020-09-02T10:13:16.228Z,2020-09-02T10:43:16.228Z,2020-09-02 10:43:16.236658,Error uploading data,analysis
756,69823,2020-09-02T10:43:16.325Z,2020-09-02T11:13:16.325Z,2020-09-02 11:13:16.334197,Error uploading data,analysis
757,69823,2020-09-02T11:13:16.377Z,2020-09-02T11:43:16.377Z,2020-09-02 11:43:16.385145,Error uploading data,analysis
758,69823,2020-09-02T11:43:16.478Z,2020-09-02T12:13:16.478Z,2020-09-02 12:13:16.488530,Error uploading data,analysis
759,69823,2020-09-02T12:13:16.599Z,2020-09-02T12:43:16.599Z,2020-09-02 12:43:16.606504,Error uploading data,analysis
760,69823,2020-09-02T12:43:16.715Z,2020-09-02T13:13:16.715Z,2020-09-02 13:13:16.723656,Error uploading data,analysis
761,69823,2020-09-02T13:13:16.818Z,2020-09-02T13:43:16.818Z,2020-09-02 13:43:16.827022,Error uploading data,analysis
762,69823,2020-09-02T13:43:16.916Z,2020-09-02T14:13:16.916Z,2020-09-02 14:13:16.925066,Error uploading data,analysis
763,69823,2020-09-02T14:13:17.018Z,2020-09-02T14:43:17.018Z,2020-09-02 14:43:17.025449,Error uploading data,analysis
764,69823,2020-09-02T14:43:17.069Z,2020-09-02T15:13:17.069Z,2020-09-02 15:13:17.077952,Error uploading data,analysis
765,69823,2020-09-02T15:13:17.161Z,2020-09-02T15:43:17.161Z,2020-09-02 15:43:17.170065,Error uploading data,analysis
766,69823,2020-09-02T15:43:17.281Z,2020-09-02T16:13:17.281Z,2020-09-02 16:13:17.289031,Error uploading data,analysis
767,69823,2020-09-02T16:13:17.318Z,2020-09-02T16:43:17.318Z,2020-09-02 16:43:17.326624,Error uploading data,analysis
768,69823,2020-09-02T16:43:17.430Z,2020-09-02T17:13:17.430Z,2020-09-02 17:13:17.438510,Error uploading data,analysis
769,69823,2020-09-02T17:13:17.544Z,2020-09-02T17:43:17.544Z,2020-09-02 17:43:17.552069,Error uploading data,analysis
770,69823,2020-09-02T17:43:17.653Z,2020-09-02T18:13:17.653Z,2020-09-02 18:13:17.661441,Error uploading data,analysis
771,69823,2020-09-02T18:13:17.739Z,2020-09-02T18:43:17.739Z,2020-09-02 18:43:17.747890,Error uploading data,analysis
772,69823,2020-09-02T18:43:17.860Z,2020-09-02T19:13:17.860Z,2020-09-02 19:13:17.869511,Error uploading data,analysis
773,69823,2020-09-02T19:13:17.889Z,2020-09-02T19:43:17.889Z,2020-09-02 19:43:17.896422,Error uploading data,analysis
774,69823,2020-09-02T19:43:18.003Z,2020-09-02T20:13:18.003Z,2020-09-02 20:13:18.011460,Error uploading data,analysis
775,69823,2020-09-02T20:13:18.064Z,2020-09-02T20:43:18.064Z,2020-09-02 20:43:18.072169,Error uploading data,analysis
776,69823,2020-09-02T20:43:18.112Z,2020-09-02T21:13:18.112Z,2020-09-02 21:13:18.120010,Error uploading data,analysis
777,69823,2020-09-02T21:13:18.221Z,2020-09-02T21:43:18.221Z,2020-09-02 21:43:18.229308,Error uploading data,analysis
778,69823,2020-09-02T21:43:18.325Z,2020-09-02T22:13:18.325Z,2020-09-02 22:13:18.339749,Error uploading data,analysis
779,69823,2020-09-02T22:13:18.425Z,2020-09-02T22:43:18.425Z,2020-09-02 22:43:18.435098,Error uploading data,analysis
780,69823,2020-09-02T22:43:18.515Z,2020-09-02T23:13:18.515Z,2020-09-02 23:13:18.523501,Error uploading data,analysis
781,69823,2020-09-02T23:13:18.576Z,2020-09-02T23:43:18.576Z,2020-09-02 23:43:18.584459,Error uploading data,analysis
782,69823,2020-09-02T23:43:18.661Z,2020-09-03T00:13:18.661Z,2020-09-03 00:13:18.669367,Error uploading data,analysis
783,69823,2020-09-03T00:13:18.778Z,2020-09-03T00:43:18.778Z,2020-09-03 00:43:18.785474,Error uploading data,analysis
784,69823,2020-09-03T00:43:18.851Z,2020-09-03T01:13:18.851Z,2020-09-03 01:13:18.861224,Error uploading data,analysis
785,69823,2020-09-03T01:13:18.937Z,2020-09-03T01:43:18.937Z,2020-09-03 01:43:18.944094,Error uploading data,analysis
786,69823,2020-09-03T01:43:19.053Z,2020-09-03T02:13:19.053Z,2020-09-03 02:13:19.061595,Error uploading data,analysis
787,69823,2020-09-03T02:13:19.172Z,2020-09-03T02:43:19.172Z,2020-09-03 02:43:19.180298,Error uploading data,analysis
788,69823,2020-09-03T02:43:19.291Z,2020-09-03T03:13:19.291Z,2020-09-03 03:13:19.300593,Error uploading data,analysis
789,69823,2020-09-03T03:13:19.406Z,2020-09-03T03:43:19.406Z,2020-09-03 03:43:19.414635,Error uploading data,analysis
790,69823,2020-09-03T03:43:19.522Z,2020-09-03T04:13:19.522Z,2020-09-03 04:13:19.530308,Error uploading data,analysis
791,69823,2020-09-03T04:13:19.610Z,2020-09-03T04:43:19.610Z,2020-09-03 04:43:19.619178,Error uploading data,analysis
792,69823,2020-09-03T04:43:19.723Z,2020-09-03T05:13:19.723Z,2020-09-03 05:13:19.731261,Error uploading data,analysis
793,69823,2020-09-03T05:13:19.786Z,2020-09-03T05:43:19.786Z,2020-09-03 05:43:19.793865,Error uploading data,analysis
794,69823,2020-09-03T05:43:19.878Z,2020-09-03T06:13:19.878Z,2020-09-03 06:13:19.886668,Error uploading data,analysis
795,69823,2020-09-03T06:13:19.969Z,2020-09-03T06:43:19.969Z,2020-09-03 06:43:19.977497,Error uploading data,analysis
796,69823,,,2020-09-03 07:19:46.644369,Processing,build_model
797,71471,,,2020-09-03 07:21:07.709347,Processing,build_model
798,71471,,,2020-09-03 08:14:48.165650,Processing,build_model
799,71471,,,2020-09-03 08:33:52.343556,Processing,build_model
800,71471,,,2020-09-03 11:01:22.765964,Processing,build_model
801,71471,,,2020-09-03 11:37:07.207729,Processing,build_model
802,71471,,,2020-09-03 12:37:35.283300,Processing,build_model
803,71471,,,2020-09-03 13:10:34.556348,Processing,build_model
804,71471,,,2020-09-03 14:06:27.022443,Processing,build_model
805,71471,,,2020-09-03 20:38:19.297026,Completed,build_model
806,71471,,,2020-09-03 22:26:53.521359,Processing,build_model
807,71471,,,2020-09-03 22:33:36.951297,Processing,build_model
808,71471,,,2020-09-03 23:05:52.966523,Processing,build_model
809,71471,,,2020-09-03 23:16:36.219241,Processing,build_model
810,71471,2020-09-01T10:10:00.001Z,2020-09-01T11:00:00.001Z,2020-09-04 05:47:49.241174,Error uploading data,analysis
811,71471,2020-09-01T11:00:00.001Z,2020-09-01T11:50:00.001Z,2020-09-04 06:37:49.604457,Error uploading data,analysis
812,71471,2020-09-01T11:50:00.001Z,2020-09-01T12:40:00.001Z,2020-09-04 07:27:49.895595,Error uploading data,analysis
813,71471,2020-09-01T12:40:00.001Z,2020-09-01T13:30:00.001Z,2020-09-04 08:17:50.407277,Error uploading data,analysis
814,71471,2020-09-01T13:30:00.001Z,2020-09-01T14:20:00.001Z,2020-09-04 09:07:50.704662,Error uploading data,analysis
815,71471,2020-09-01T16:45:00.000Z,2020-09-01T17:15:00.000Z,2020-09-04 09:41:11.134118,Error uploading data,analysis
816,71471,,,2020-09-04 10:58:20.978991,Completed,build_model
817,71471,2020-09-01T10:10:00.001Z,2020-09-01T11:00:00.001Z,2020-09-07 06:24:17.031704,Error uploading data,analysis
818,71471,2020-09-01T11:00:00.001Z,2020-09-01T11:50:00.001Z,2020-09-07 07:14:17.439408,Error uploading data,analysis
819,71471,2020-09-01T11:50:00.001Z,2020-09-01T12:40:00.001Z,2020-09-07 08:04:17.692345,Processing,analysis
820,71471,2020-09-01T12:40:00.001Z,2020-09-01T13:30:00.001Z,2020-09-07 08:54:17.856194,Processing,analysis
821,71471,,,2020-09-08 07:46:55.676557,Processing,build_model
822,71471,2020-09-01T16:45:00.000Z,2020-09-01T17:15:00.000Z,2020-09-08 13:36:08.719275,Error uploading data,analysis
823,71471,,,2020-09-08 14:52:32.385160,Completed,build_model
824,71471,2020-09-01T10:30:00.001Z,2020-09-01T11:00:00.001Z,2020-09-09 07:03:53.337685,Processing,analysis
825,71471,2020-09-01T11:00:00.001Z,2020-09-01T11:30:00.001Z,2020-09-09 07:33:53.534100,Processing,analysis
826,71471,2020-09-01T11:30:00.001Z,2020-09-01T12:00:00.001Z,2020-09-09 08:03:53.823689,Processing,analysis
827,71471,2020-09-01T12:00:00.001Z,2020-09-01T12:30:00.001Z,2020-09-09 08:33:54.101152,Processing,analysis
828,71471,2020-09-01T12:30:00.001Z,2020-09-01T13:00:00.001Z,2020-09-09 09:03:54.303340,Processing,analysis
829,71471,2020-09-01T13:00:00.001Z,2020-09-01T13:30:00.001Z,2020-09-09 09:33:54.470397,Processing,analysis
830,71471,2020-09-01T13:30:00.001Z,2020-09-01T14:00:00.001Z,2020-09-09 10:03:54.605234,Processing,analysis
831,71471,2020-09-01T14:00:00.001Z,2020-09-01T14:30:00.001Z,2020-09-09 10:33:54.749253,Processing,analysis
832,71471,2020-09-01T14:30:00.001Z,2020-09-01T15:00:00.001Z,2020-09-09 11:03:54.928050,Processing,analysis
833,71471,2020-09-01T15:00:00.001Z,2020-09-01T15:30:00.001Z,2020-09-09 11:33:55.122096,Processing,analysis
834,71471,2020-09-01T15:30:00.001Z,2020-09-01T16:00:00.001Z,2020-09-09 12:03:55.332003,Processing,analysis
835,71471,2020-09-01T16:00:00.001Z,2020-09-01T16:30:00.001Z,2020-09-09 12:33:55.492900,Processing,analysis
836,71471,2020-09-01T16:30:00.001Z,2020-09-01T17:00:00.001Z,2020-09-09 13:03:55.853475,Processing,analysis
837,71471,2020-09-01T17:00:00.001Z,2020-09-01T17:30:00.001Z,2020-09-09 13:33:56.016635,Processing,analysis
838,71471,2020-09-01T17:30:00.001Z,2020-09-01T18:00:00.001Z,2020-09-09 14:03:56.146158,Processing,analysis
839,71471,2020-09-01T18:00:00.001Z,2020-09-01T18:30:00.001Z,2020-09-09 14:33:56.305314,Processing,analysis
840,71471,2020-09-01T18:30:00.001Z,2020-09-01T19:00:00.001Z,2020-09-09 21:53:11.594283,Processing,analysis
841,71471,2020-09-01T19:00:00.001Z,2020-09-01T19:30:00.001Z,2020-09-09 22:23:11.864122,Processing,analysis
842,71471,2020-09-02T09:40:00.001Z,2020-09-02T10:10:00.001Z,2020-09-15 20:35:28.708150,Processing,analysis
843,71471,2020-09-02T10:10:00.001Z,2020-09-02T10:40:00.001Z,2020-09-15 21:05:28.949594,Processing,analysis
844,71471,2020-09-02T10:40:00.001Z,2020-09-02T11:10:00.001Z,2020-09-15 21:35:29.093020,Processing,analysis
845,71471,2020-09-02T11:10:00.001Z,2020-09-02T11:40:00.001Z,2020-09-15 22:05:29.241560,Processing,analysis
846,71471,2020-09-02T11:40:00.001Z,2020-09-02T12:10:00.001Z,2020-09-15 22:35:29.385005,Processing,analysis
847,71471,2020-09-02T12:10:00.001Z,2020-09-02T12:40:00.001Z,2020-09-15 23:05:29.532242,Processing,analysis
848,71471,2020-09-02T12:40:00.001Z,2020-09-02T13:10:00.001Z,2020-09-15 23:35:29.667697,Processing,analysis
849,71471,2020-09-02T13:10:00.001Z,2020-09-02T13:40:00.001Z,2020-09-16 00:05:29.824061,Processing,analysis
850,71471,2020-09-02T13:40:00.001Z,2020-09-02T14:10:00.001Z,2020-09-16 00:35:29.975560,Processing,analysis
851,71471,2020-09-02T14:10:00.001Z,2020-09-02T14:40:00.001Z,2020-09-16 01:05:30.122670,Processing,analysis
852,71471,2020-09-02T14:40:00.001Z,2020-09-02T15:10:00.001Z,2020-09-16 01:35:30.290032,Processing,analysis
853,71471,2020-09-02T15:10:00.001Z,2020-09-02T15:40:00.001Z,2020-09-16 02:05:30.833602,Processing,analysis
854,71471,2020-09-02T15:40:00.001Z,2020-09-02T16:10:00.001Z,2020-09-16 02:35:31.019868,Processing,analysis
855,71471,2020-09-02T16:10:00.001Z,2020-09-02T16:40:00.001Z,2020-09-16 03:05:31.176981,Processing,analysis
856,71471,2020-09-02T16:40:00.001Z,2020-09-02T17:10:00.001Z,2020-09-16 03:35:31.319752,Processing,analysis
857,71471,2020-09-02T17:10:00.001Z,2020-09-02T17:40:00.001Z,2020-09-16 04:05:31.464912,Processing,analysis
858,71471,2020-09-02T17:40:00.001Z,2020-09-02T18:10:00.001Z,2020-09-16 04:35:31.633743,Processing,analysis
859,71471,2020-09-02T18:10:00.001Z,2020-09-02T18:40:00.001Z,2020-09-16 05:05:31.778750,Processing,analysis
860,71471,2020-09-02T18:40:00.001Z,2020-09-02T19:10:00.001Z,2020-09-16 05:35:31.931623,Processing,analysis
